1000015;1.000
ABE000001;0.000
ABE000002;0.000
ABE000004;0.000
ABE000005;0.000
ABE000006;0.000
ABE000007;0.000
ABE000009;0.000
ABE000010;0.000
ABE000013;4.000
ABE000016;0.000
ABE000019;0.000
ABE000021;0.000
ADB000001;2.000
ADB000002;0.000
ADB000003;0.000
ADB000004;0.000
ADB000005;2.000
ADB000006;11.000
ADB000007;5.000
ADB000008;1.000
ADB000009;1.000
ADB000010;1.000
ADB000011;1.000
ADB000012;1.000
ADB000013;0.000
ADB000014;1.000
ADB000015;3.000
ADB000016;1.000
ADB000017;1.000
ADB000018;1.000
ADB000019;1.000
ADB000020;1.000
ADB000021;1.000
ADB000022;1.000
ADB000023;1.000
ADB000024;4.000
ADB000025;4.000
ADB000026;2.000
ADB000027;1.000
ADB000028;1.000
ADB000029;0.000
ADB000030;1.000
ADB000031;0.000
ADB000032;3.000
ADB000033;0.000
ADB000034;1.000
ADB000035;2.000
ADB000036;1.000
ADB000037;3.000
ADB000038;1.000
ADB000039;1.000
ADB000040;1.000
ADB000041;3.000
ADB000042;2.000
Ald000001;0.000
Ald000002;0.000
Ald000003;0.000
Ald000004;0.000
Ald000005;0.000
Ald000006;0.000
Ald000007;0.000
Ald000008;0.000
Ald000009;0.000
Ald000010;0.000
Ald000011;0.000
Ald000012;0.000
Ald000013;0.000
Ald000014;0.000
Ald000016;0.000
Ald000017;0.000
Ald000018;0.000
Ald000019;12.000
Ald000020;0.000
Ald000021;0.000
Ald000023;0.000
Ald000024;0.000
Aro000001;6.000
Aro000002;0.000
Aro000003;0.000
Aro000004;0.000
Aro000005;0.000
Aro000006;0.000
Aro000007;0.000
Aro000008;0.000
Aro000009;0.000
Aro000010;0.000
Aro000011;9.000
Aro000012;24.000
Aro000013;15.000
Aro000014;0.000
Aro000015;0.000
Aro000016;0.000
Aro000017;0.000
Aro000018;21.000
Aro000019;7.000
Aro000020;5.000
Aro000021;0.000
Aro000022;7.000
Aro000023;23.000
Aro000024;28.000
Aro000025;7.000
Aro000026;0.000
Aro000027;0.000
Aro000028;0.000
Aro000029;7.000
Aro000030;0.000
Aro000031;0.000
Aro000032;16.000
Aro000033;0.000
Aro000034;0.000
Aro000035;0.000
Aro000036;9.000
Aro000037;15.000
Aro000038;0.000
Aro000039;9.000
Aro000040;19.000
Aro000041;27.000
Aro000042;14.000
Aro000043;9.000
Aro000044;14.000
Aro000045;18.000
Aro000046;14.000
Aro000047;4.000
Aro000048;0.000
Aro000049;0.000
Aro000050;0.000
Aro000051;0.000
Aro000052;14.000
Aro000053;0.000
Aro000054;1.000
Aro000055;0.000
Aro000056;1.000
Aro000057;7.000
Aro000058;11.000
Aro000059;0.000
Aro000060;11.000
Aro000061;0.000
Aro000062;0.000
Aro000063;6.000
Aro000064;13.000
Aro000065;25.000
Aro000066;0.000
Aro000067;13.000
Aro000068;0.000
Aro000069;7.000
Aro000070;0.000
Aro000071;5.000
Aro000072;7.000
Aro000073;8.000
Aro000074;0.000
Aro000075;9.000
Aro000076;9.000
Aro000077;7.000
Aro000078;6.000
Aro000079;9.000
Aro000080;0.000
Aro000081;0.000
Aro000082;2.000
Aro000083;0.000
Aro000084;0.000
Aro000085;9.000
Aro000086;15.000
Aro000087;8.000
Aro000088;8.000
Aro000089;14.000
Aro000090;0.000
Aro000091;0.000
Aro000092;0.000
Aro000093;0.000
Aro000094;2.000
Aro000095;0.000
Aro000096;0.000
Aro000097;0.000
Aro000098;0.000
Aro000099;9.000
Aro000100;14.000
Aro000101;0.000
Aro000102;6.000
Aro000103;0.000
Aro000104;0.000
Aro000105;5.000
Aro000106;0.000
Aro000107;0.000
Aro000108;2.000
Aro000109;65.000
Aro000110;0.000
Aro000111;0.000
Aro000112;5.000
Aro000113;4.000
Aro000114;3.000
Aro000115;2.000
Aro000116;0.000
Aro000117;3.000
Aro000118;7.000
Aro000119;5.000
Aro000120;10.000
Aro000121;13.000
Aro000122;0.000
ATAS0001;0.000
ATAS0002;19.000
ATAS0003;1.000
ATAS0004;0.000
ATAS0005;6.000
ATAS0006;4.000
ATAS0008;0.000
ATAS0009;9.000
ATAS0011;3.000
ATAS0012;15.000
ATAS0017;8.000
ATAS0022;0.000
ATAS0025;1.000
ATAS0028;0.000
ATAS0029;0.000
ATAS0030;2.000
ATAS0031;66.000
ATAS0032;3.000
ATAS0033;0.000
ATAS0034;3.000
ATAS0035;0.000
ATAS0036;7.000
ATAS0037;0.000
ATAS0038;0.000
ATAS0039;16.000
ATAS0040;0.000
ATAS0041;0.000
ATAS0042;0.000
ATAS0043;4.000
ATAS0044;13.000
ATAS0045;23.000
ATAS0046;18.000
ATAS0047;8.000
ATAS0048;19.000
ATAS0049;5.000
ATAS0050;18.000
ATAS0051;5.000
ATAS0052;5.000
ATAS0053;195.000
ATAS0055;10.000
ATAS0056;8.000
ATAS0057;2.000
ATAS0058;0.000
ATAS0059;0.000
ATAS0060;5.000
ATAS0061;0.000
ATAS0062;6.000
ATAS0063;6.000
ATAS0064;6.000
ATAS0067;4.000
ATAS0068;8.000
ATAS0069;8.000
ATAS0070;0.000
ATAS0071;8.000
ATAS0072;15.000
ATAS0073;0.000
ATAS0074;0.000
ATAS0075;0.000
ATAS0076;0.000
ATAS0077;0.000
ATAS0078;0.000
ATAS0079;0.000
ATAS0080;0.000
ATAS0081;29.000
ATAS0082;0.000
ATAS0083;15.000
ATAS0084;7.000
ATAS0085;0.000
ATAS0086;0.000
ATAS0087;0.000
ATAS0088;1.000
ATAS0089;29.000
ATAS0090;17.000
ATAS0091;10.000
ATAS0092;12.000
ATAS0093;0.000
ATAS0094;1.000
ATAS0095;7.000
ATAS0096;0.000
ATAS0097;1.000
ATAS0098;0.000
ATAS0099;0.000
ATAS0100;0.000
ATAS0101;8.000
ATAS0102;0.000
ATAS0103;6.000
ATAS0104;5.000
ATAS0105;5.000
ATAS0106;0.000
ATAS0107;19.000
ATAS0108;0.000
ATAS0109;0.000
ATAS0110;2.000
ATAS0111;0.000
ATAS0112;3.000
ATAS0113;3.000
ATAS0114;0.000
ATAS0115;0.000
ATAS0116;13.000
ATAS0117;10.000
ATAS0118;1.000
ATAS0119;5.000
ATAS0120;0.000
ATAS0122;0.000
ATAS0123;37.000
ATAS0124;4.000
ATAS0125;0.000
ATAS0126;33.000
ATAS0127;7.000
ATAS0129;3.000
ATAS0130;13.000
ATAS0132;0.000
ATAS0133;1.000
ATAS0134;1.000
ATAS0135;10.000
ATAS0136;0.000
ATAS0137;3.000
ATAS0138;0.000
ATAS0139;3.000
ATAS0140;0.000
ATAS0141;0.000
ATAS0142;13.000
ATAS0143;6.000
ATAS0144;0.000
ATAS0145;4.000
ATAS0146;0.000
ATAS0147;0.000
ATAS0148;3.000
ATAS0149;21.000
ATAS0150;0.000
ATAS0151;0.000
ATAS0152;1.000
ATAS0153;9.000
ATAS0154;0.000
ATAS0155;0.000
ATAS0156;0.000
ATAS0157;13.000
ATAS0158;14.000
ATAS0159;4.000
ATAS0160;1.000
ATAS0161;16.000
ATAS0162;4.000
ATAS0163;12.000
ATAS0164;4.000
ATAS0165;1.000
ATAS0166;7.000
ATAS0167;0.000
ATAS0168;5.000
ATAS0169;5.000
ATAS0170;6.000
ATAS0171;0.000
ATAS0172;9.000
ATAS0173;2.000
ATAS0174;2.000
ATAS0175;1.000
ATAS0176;9.000
ATAS0177;8.000
ATAS0178;2.000
ATAS0179;7.000
ATAS0180;2.000
ATAS0181;5.000
ATAS0182;2.000
ATAS0183;9.000
ATAS0184;11.000
ATAS0185;7.000
ATAS0186;6.000
ATAS0187;13.000
ATAS0188;6.000
ATAS0189;6.000
ATAS0190;1.000
ATAS0191;1.000
ATAS0192;2.000
ATAS0193;16.000
ATAS0194;0.000
ATAS0195;4.000
ATAS0196;219.000
ATAS0197;0.000
ATAS0198;0.000
ATAS0199;6.000
ATAS0200;0.000
ATAS0201;0.000
ATAS0202;0.000
BAS000001;0.000
BAS000002;0.000
BAS000003;0.000
BAS000004;0.000
BAS000005;0.000
BAS000006;4.000
BAS000007;0.000
BAS000008;3.000
BAS000009;0.000
BAS000010;0.000
BOL000001;2.000
CAR000001;0.000
CAR000002;1.000
CAR000003;0.000
CAR000004;0.000
CAR000005;1.000
CAR000006;0.000
CAR000007;0.000
CAR000008;0.000
CAR000009;0.000
CAR000010;0.000
CAR000011;0.000
CAR000012;0.000
CAR000013;0.000
CAR000014;0.000
CAR000015;0.000
CAR000016;1.000
CAR000017;0.000
CAR000018;0.000
CAR000019;0.000
CAR000020;0.000
CAR000021;0.000
CAR000022;0.000
CAR000023;0.000
CAR000024;0.000
CAR000025;0.000
CAR000026;1.000
CAR000027;0.000
CAR000028;1.000
CAR000029;1.000
CAR000030;0.000
CAR000031;1.000
CAR000032;0.000
CART0001;0.000
CART0002;0.000
CART0003;4.000
CART0004;0.000
CART0005;0.000
CART0006;9.000
CART0007;0.000
CART0008;0.000
CART0009;0.000
CART0010;3.000
CART0011;3.000
CART0012;0.000
CART0013;0.000
CART0014;0.000
CART0015;10.000
CART0016;0.000
CART0017;20.000
CART0018;5.000
CART0019;0.000
CART0020;0.000
CART0021;7.000
CART0022;2.000
CART0023;0.000
CART0025;5.000
CART0026;0.000
CART0027;10.000
CART0028;9.000
CART0029;0.000
CART0030;0.000
CART0031;2.000
CART0032;0.000
CART0033;0.000
CART0034;0.000
CART0035;0.000
CART0036;420.000
CART0037;0.000
CART0038;0.000
CART0039;0.000
CART0040;0.000
CART0041;0.000
CART0042;0.000
CART0043;0.000
CART0044;0.000
CART0045;6.000
CART0046;0.000
CART0047;5.000
CART0048;0.000
CART0049;0.000
CART0050;4.000
CART0051;0.000
CART0052;0.000
CART0053;0.000
CART0054;0.000
CART0055;0.000
CART0056;0.000
CART0057;0.000
CART0058;0.000
CART0059;0.000
CART0060;0.000
CART0061;0.000
CART0062;0.000
CART0063;0.000
CART0064;0.000
CART0065;1.000
CART0066;0.000
CART0067;1.000
CART0068;0.000
CART0069;0.000
CART0070;0.000
CART0071;9.000
CART0072;39.000
CART0073;0.000
CART0074;2.000
CART0075;0.000
CART0076;1.000
CART0077;0.000
CART0078;0.000
CART0079;0.000
CART0080;0.000
CART0081;0.000
CART0082;0.000
CART0083;0.000
CART0084;0.000
CART0085;0.000
CART0086;0.000
CART0088;0.000
CART0089;1.000
CART0090;0.000
CART0091;0.000
CART0092;3.000
CART0093;0.000
CART0094;0.000
CART0095;0.000
CART0096;0.000
CART0097;0.000
CART0098;0.000
CART0099;0.000
CART0100;0.000
CART0101;0.000
CART0102;0.000
CART0103;0.000
CART0104;7.000
CART0105;0.000
CART0106;2.000
CART0107;4.000
CART0108;0.000
CART0109;10.000
CART0110;0.000
CART0111;3.000
CART0112;4.000
CART0113;1.000
CART0114;3.000
CART0115;0.000
CART0116;0.000
CART0117;3.000
CART0118;4.000
CART0119;7.000
CART0120;2.000
CART0121;1.000
CART0122;0.000
CART0123;0.000
CART0124;0.000
CART0125;0.000
CART0126;0.000
CART0127;0.000
CART0128;0.000
CART0129;0.000
CART0130;0.000
CART0131;0.000
CART0132;0.000
CART0133;3.000
CART0134;0.000
CART0135;8.000
CART0136;0.000
CART0137;0.000
CART0138;0.000
CART0139;1.000
CART0140;3.000
CART0141;3.000
CART0142;2.000
CART0143;1.000
CART0144;1.000
CART0145;1.000
CART0146;2.000
CART0151;0.000
CART0153;1.000
CART0156;0.000
CART0157;0.000
CART0158;0.000
CART0159;0.000
CART0160;0.000
CART0161;0.000
CART0162;3.000
CART0163;7.000
CART0165;0.000
CART0168;2.000
CART0169;0.000
CART0170;0.000
CART0171;0.000
CART0172;0.000
CART0174;0.000
CART0175;0.000
CART0176;2.000
CART0177;0.000
CART0178;0.000
CART0181;0.000
CART0183;0.000
CART0184;0.000
CART0186;0.000
CART0190;0.000
CART0191;0.000
CART0193;0.000
CART0194;0.000
CART0197;1.000
CART0199;0.000
CART0200;0.000
CART0201;0.000
CART0202;2.000
CART0203;0.000
CART0204;0.000
CART0205;0.000
CART0206;0.000
CHE000001;0.000
CHE000002;3.000
CHE000003;3.000
CHE000004;0.000
CHE000005;0.000
CHE000006;0.000
CHE000007;0.000
CHE000008;0.000
CHE000010;48.000
CHE000011;7.000
CHE000012;1.000
Che000013;2.000
CHE000014;0.000
Che000015;0.000
CHE000016;0.000
Che000017;8.000
Che000018;0.000
Che000019;0.000
Che000020;0.000
Che000021;0.000
Che000022;2.000
Che000023;1.000
Che000024;0.000
Che000025;0.000
CHE000029;0.000
CHE000030;1.000
CHE000031;0.000
CHE000032;0.000
CHE000033;7.000
CHE000034;0.000
CHE000035;1.000
CHE000036;5.000
CHE000037;0.000
CHE000038;1.000
CHE000039;0.000
CHE000040;1.000
Che000041;0.000
CHE000042;8.000
CHE000043;0.000
CHE000044;0.000
CHE000045;0.000
CHE000046;14.000
CHE000047;0.000
CHE000048;0.000
CHE000049;2.000
CHE000050;0.000
CHE000051;1.000
CHE000052;0.000
CHE000053;0.000
CHE000054;0.000
Che000055;16.000
CHE000056;0.000
Che000058;0.000
CHE000059;5.000
Che000060;0.000
Che000061;0.000
Che000062;0.000
Che000063;48.000
Che000064;0.000
Che000065;2.000
Che000066;6.000
Che000067;3.000
Che000068;4.000
Che000069;0.000
Che000070;6.000
Che000071;0.000
Che000072;0.000
Che000073;0.000
CHE000074;0.000
Che000075;0.000
Che000076;0.000
Che000077;0.000
CHE000078;0.000
Che000079;6.000
CHE000080;0.000
CHE000081;74.000
CHE000082;10.000
CHE000083;8.000
Che000084;14.000
CHE000085;2.000
CHE000086;3.000
Che000087;2.000
CIDL0002;26.000
CIDL0003;0.000
CIDL0004;0.000
CIDL0005;0.000
CIDL0006;14.000
CIDL0007;0.000
CIDL0008;16.000
CIDL0010;0.000
CIDL0011;76.000
CIDL0012;28.000
CIDL0013;34.000
CIDL0014;57.000
CIDL0017;0.000
CIDL0018;1.000
CIDL0023;0.000
CIDL0024;2.000
CIDL0025;0.000
CIDL0026;3.000
CIDL0027;41.000
CIDL0028;43.000
CIDL0032;0.000
CIDL0033;1.000
CIDL0034;36.000
CIDL0036;2.000
CIDL0037;1.000
CIDL0038;6.000
CIDL0039;36.000
CIDL0040;35.000
CIDL0041;25.000
CIDL0044;0.000
CIDL0045;1.000
CIDL0046;0.000
CIDL0054;0.000
CIDL0055;4.000
CIDL0056;0.000
CIDL0057;6.000
CIDL0061;0.000
CIDL0062;4.000
CIDL0063;4.000
CIDL0064;5.000
CIDL0066;0.000
CIDL0067;1.000
CIDL0068;0.000
CIDL0069;0.000
CIDL0070;3.000
CIDL0071;15.000
CIDL0074;1.000
CIDL0075;2.000
CIDL0076;0.000
CIDL0077;0.000
CIDL0078;0.000
CIDL0079;0.000
CIDL0081;1.000
CIDL0083;0.000
CIDL0084;4.000
CIDL0085;0.000
CIDL0086;3.000
CIDL0087;4.000
CIDL0090;1.000
CIDL0091;2.000
CIDL0092;30.000
CIDL0095;0.000
CIDL0096;0.000
CIDL0097;0.000
CIDL0098;0.000
CIDL0099;7.000
CIDL0100;6.000
CIDL0101;0.000
CIDL0103;0.000
CIDL0104;0.000
CIDL0105;1.000
CIDL0107;12.000
CIDL0112;4.000
CIDL0114;0.000
CIDL0115;0.000
CIDL0117;12.000
CIDL0119;0.000
CIDL0121;1.000
CIDL0122;1.000
CIDL0124;0.000
CIDL0126;1.000
CIDL0127;5.000
CIDL0128;5.000
CIDL0129;0.000
CIDL0130;0.000
CIDL0134;0.000
CIDL0135;0.000
CIDL0136;0.000
CIDL0140;1.000
CIDL0144;2.000
CIDL0145;0.000
CIDL0146;0.000
CIDL0147;0.000
CIDL0149;3.000
CIDL0150;0.000
CIDL0151;0.000
CIDL0153;6.000
CIDL0154;5.000
CIDL0155;0.000
CIDL0158;0.000
CIDL0159;0.000
CIDL0161;0.000
CIDL0162;0.000
CIDL0167;1.000
CIDL0170;1.000
CIDL0171;0.000
CIDL0172;0.000
CIDL0175;3.000
CIDL0176;0.000
CIDL0179;0.000
CIDL0181;0.000
CIDL0182;6.000
CIDL0184;0.000
CIDL0186;0.000
CIDL0187;0.000
CIDL0188;0.000
CIDL0191;1.000
CIDL0192;3.000
CIDL0196;0.000
CIDL0201;0.000
CIDL0202;0.000
CIDL0203;0.000
CIDL0205;0.000
CIDL0208;0.000
CIDL0213;0.000
CIDL0217;29.000
CIDL0223;30.000
CIDL0224;0.000
CIDL0226;0.000
CIDL0227;4.000
CIDL0228;5.000
CIDL0229;0.000
CIDL0233;0.000
CIDL0235;0.000
CIDL0237;0.000
CIDL0238;0.000
CIDL0240;0.000
CIDL0242;0.000
CIDL0243;16.000
CIDL0244;1.000
CIDL0246;1.000
CIDL0247;1.000
CIDL0248;0.000
CIDL0249;53.000
CIDL0251;0.000
CIDL0254;0.000
CIDL0255;0.000
CIDL0256;0.000
CIDL0257;0.000
CIDL0258;0.000
CIDL0259;4.000
CIDL0260;0.000
CIDL0261;0.000
CIDL0264;0.000
CIDL0265;17.000
CIDL0266;0.000
CIDL0267;0.000
CIDL0268;1.000
CIDL0269;0.000
CIDL0270;0.000
CIDL0271;0.000
CIDL0272;0.000
CIDL0273;2.000
CIDL0274;1.000
CIDL0275;0.000
CIDL0276;0.000
CIDL0277;1.000
CIDL0278;0.000
CIDL0279;0.000
CIDL0280;1.000
CIDL0281;0.000
CIDL0282;0.000
CIDL0283;0.000
CIDL0284;234.000
CIDL0285;7.000
CIDL0287;0.000
CIDL0288;2.000
CIDL0289;0.000
CIDL0290;0.000
CIDL0291;16.000
CIDL0292;4.000
CIDL0293;0.000
CIDL0294;1.000
CIDL0295;0.000
CIDL0296;0.000
CIDL0297;2.000
CIDL0298;0.000
CIDL0299;0.000
CIDL0300;0.000
CIDL0301;4.000
CIDL0302;0.000
CIDL0303;0.000
CIDL0304;0.000
CIDL0305;40.000
CIDL0306;0.000
CIDL0307;0.000
CIDL0308;0.000
CIDL0309;0.000
CIDL0310;165.000
CIDL0311;1.000
CIDL0312;0.000
CIDL0313;38.000
CIDL0314;0.000
CIDL0315;60.000
CIDL0316;5.000
CIDL0317;34.000
CIDL0318;0.000
CIDL0319;0.000
CIDL0320;6.000
CIDL0321;0.000
CIDL0322;0.000
CIDL0323;1.000
CIDL0324;0.000
CIDL0325;0.000
CIDL0326;0.000
CIDL0327;0.000
CIDL0328;0.000
CIDL0329;2.000
CIDL0330;0.000
CIDL0331;0.000
CIDL0332;0.000
CIDL0333;0.000
CIDL0334;4.000
CIDL0335;0.000
CIDL0336;23.000
CIDL0337;0.000
CIDL0338;1.000
CONC0001;10.000
CONC0002;5.000
CONC0003;2.000
CONC0004;1.000
CONC0005;1.000
CONC0006;2.000
CONC0007;0.000
CONC0008;1.000
CONC0009;0.000
CONC0010;0.000
CONC0011;0.000
CONC0012;2.000
CONC0013;0.000
CONC0014;0.000
CONC0015;0.000
CONC0017;1.000
CONC0020;1.000
CONC0022;0.000
CONC0024;0.000
CONC0025;0.000
CONC0027;15.000
CONC0030;0.000
CONC0031;0.000
CONC0032;0.000
CONC0033;0.000
CONC0034;0.000
CONC0035;0.000
CONC0036;0.000
CONC0037;0.000
CONC0038;0.000
CONC0039;0.000
CONC0040;0.000
CONC0041;0.000
CONC0042;0.000
CONC0043;0.000
CONC0045;0.000
CONC0047;0.000
CONC0051;0.000
CONC0052;0.000
CONC0053;1.000
CONC0054;0.000
CONC0055;0.000
CONC0056;0.000
CONC0057;0.000
CONC0058;0.000
CONC0059;0.000
CONC0060;0.000
CONC0062;0.000
CONC0063;0.000
CONC0064;0.000
CONC0065;0.000
CONC0066;2.000
CONC0067;0.000
CONC0068;0.000
CONC0069;0.000
CONC0070;0.000
CONC0071;0.000
CONC0072;0.000
CONC0073;0.000
CONC0074;0.000
CONC0077;0.000
CONC0078;0.000
CONC0079;0.000
CONC0080;0.000
CONC0081;1.000
DAF000003;0.000
DAF000005;0.000
DAF000006;0.000
DAF000010;3.000
DAF000017;0.000
DAF000021;0.000
DAF000028;3.000
DAF000029;34.000
DAF000040;0.000
DAF000041;4.000
DAF000050;0.000
DAF000051;0.000
DAF000052;0.000
DAF000054;0.000
DAF000055;1.000
DAF000057;0.000
DAF000059;0.000
DAF000060;6.000
DAF000062;3.000
DAF000063;131.000
DAF000064;2.000
DAF000065;0.000
DAF000069;0.000
DAF000071;0.000
DAF000076;0.000
DAF000078;0.000
DAF000079;1.000
DAF000080;9.000
DAF000081;2.000
DAF000082;31.000
DAF000083;0.000
DAF000084;0.000
DAF000085;8.000
DAF000087;0.000
DAF000088;0.000
DAF000089;0.000
DAF000090;0.000
DAF000091;6.000
DAF000092;0.000
DAF000093;30.000
DAF000094;0.000
DAF000095;0.000
DAF000096;0.000
DAF000097;0.000
DAF000098;0.000
DAF000100;4.000
DAF000101;0.000
DAF000102;0.000
DAF000103;0.000
DAF000104;25.000
DAF000105;0.000
DAF000106;0.000
DAF000107;0.000
DAF000108;0.000
DAF000109;0.000
DAF000110;13.000
DAF000111;0.000
DAF000112;0.000
DAF000113;7.000
DAF000114;0.000
DAF000115;0.000
DAF000116;0.000
DAF000117;0.000
DAF000118;0.000
DAF000119;0.000
DAF000120;0.000
DAF000121;0.000
DAF000122;0.000
DAF000123;0.000
DAF000124;0.000
DAF000125;0.000
DAF000126;0.000
DAF000127;0.000
DAF000128;0.000
DAF000129;0.000
DAF000130;0.000
DAF000131;0.000
DAF000132;2.000
DAF000133;0.000
DAF000134;53.000
DAF000135;0.000
DAF000136;10.000
DAF000137;0.000
DAF000138;0.000
DAF000139;0.000
DAF000140;0.000
DAF000141;0.000
DAF000142;0.000
DAF000143;0.000
DAF000144;0.000
DAF000145;0.000
DAF000146;0.000
DAF000147;0.000
DAF000148;11.000
DAF000149;0.000
DAF000150;0.000
DAF000151;0.000
DAF000152;0.000
DAF000153;0.000
DAF000154;0.000
DAF000155;0.000
DAF000156;0.000
DAF000157;9.000
DAF000158;3.000
DAF000159;0.000
DAF000160;0.000
DAF000161;0.000
DAF000162;0.000
DAF000163;0.000
DAF000164;0.000
DAF000165;0.000
DAF000166;0.000
DAF000167;0.000
DAF000168;0.000
DAF000169;0.000
DAF000170;0.000
DAF000171;0.000
DAF000172;0.000
DAF000173;0.000
DAF000174;0.000
DAF000175;9.000
DAF000176;0.000
DAF000177;0.000
DAF000178;36.000
DAF000179;0.000
DAF000180;21.000
DAF000181;0.000
DAF000182;0.000
DAF000183;0.000
DAF000184;0.000
DAF000185;0.000
DAF000186;1.000
DAF000187;6.000
DAF000188;0.000
DAF000189;0.000
DAF000190;0.000
DAF000191;14.000
DAF000192;0.000
DAF000193;0.000
DAF000194;0.000
DAF000195;0.000
DAF000196;0.000
DAF000197;0.000
DAF000198;0.000
DAF000199;0.000
DAF000200;0.000
DAF000201;0.000
DAF000202;0.000
DAF000203;2.000
DAF000204;7.000
DAF000205;0.000
DAF000206;4.000
DAF000207;0.000
DAF000209;3.000
DAF000211;3.000
DAF000212;0.000
DAF000213;4.000
DAF000214;15.000
DAF000215;10.000
DAF000216;0.000
DAF000217;9.000
DAF000218;32.000
DAF000219;0.000
DAF000220;7.000
DAF000221;2.000
DAF000222;11.000
DAF000223;4.000
DAF000224;2.000
DAF000225;0.000
DAF000226;1.000
DAF000227;0.000
DET000002;0.000
DET000003;0.000
DET000012;0.000
DET000013;0.000
DET000014;0.000
DET000020;2.000
DET000021;0.000
DET000022;3.000
DET000023;0.000
DET000024;1.000
DET000025;4.000
DET000026;0.000
DET000027;0.000
DET000028;0.000
DET000029;0.000
DET000030;0.000
DET000031;0.000
DET000032;0.000
DET000033;0.000
DET000034;0.000
DET000035;1.000
DET000036;1.000
DET000037;0.000
DET000038;5.000
DET000039;7.000
DET000040;2.000
DET000041;0.000
DET000042;1.000
DET000043;0.000
DET000044;1.000
DET000045;0.000
DET000046;2.000
DET000047;0.000
DET000048;0.000
DET000049;0.000
DET000050;0.000
DET000051;0.000
DET000052;0.000
DET000053;0.000
DET000054;0.000
DET000056;0.000
DET000057;0.000
DET000058;0.000
DET000059;0.000
DET000060;0.000
DET000061;3.000
DET000062;0.000
DET000063;1.000
DET000064;0.000
DET000065;0.000
DET000068;2.000
DET000069;1.000
DET000070;0.000
DET000071;0.000
DET000072;0.000
DET000073;0.000
DET000074;0.000
DET000075;0.000
DET000076;0.000
DET000077;0.000
DET000078;0.000
DET000079;0.000
DET000080;1.000
DET000081;1.000
DET000082;0.000
DET000083;0.000
DET000084;0.000
DET000085;2.000
DET000086;0.000
DET000087;0.000
DET000088;0.000
DET000089;0.000
DET000090;0.000
DET000091;0.000
DET000092;0.000
DET000093;1.000
DET000094;1.000
DET000095;0.000
DET000096;0.000
DET000097;0.000
DET000098;3.000
DET000099;0.000
DET000100;0.000
DET000101;1.000
DET000102;4.000
DET000103;0.000
DET000104;1.000
DET000105;9.000
DET000106;1.000
DET000107;0.000
DET000108;0.000
DET000109;2.000
DET000110;1.000
DET000111;1.000
DET000112;1.000
DET000113;1.000
DET000114;0.000
DET000115;1.000
DOLP0001;0.000
DOLP0002;37.000
DOLP0003;37.000
DOLP0005;26.000
DOLP0006;32.000
DOLP0010;0.000
DOLP0018;1.000
DOLP0022;0.000
DOLP0024;0.000
DOLP0030;25.000
DOLP0032;0.000
DOLP0033;2.000
DOLP0034;0.000
DOLP0050;0.000
DOLP0055;0.000
DOLP0062;0.000
DOLP0063;0.000
DOLP0064;0.000
DOLP0065;0.000
DOLP0066;0.000
DOLP0067;1.000
DOLP0068;4.000
DOLP0069;0.000
DOLP0070;0.000
DOLP0072;40.000
DOLP0073;0.000
DOLP0074;6.000
DOLP0075;0.000
DOLP0076;0.000
DOLP0077;0.000
DOLP0078;2.000
DOLP0079;0.000
DOLP0080;0.000
DOLP0081;1.000
DOLP0082;15.000
DOLP0083;13.000
DOLP0084;4.000
DOLP0085;43.000
DOLP0086;2.000
DOLP0087;1.000
DOLP0088;3.000
DOLP0089;0.000
DOLP0090;18.000
DOLP0091;1.000
DOLP0092;17.000
DRA000001;0.000
DRA000002;0.000
DRA000003;0.000
DRA000004;0.000
DRA000005;1.000
DRA000006;0.000
DRA000007;12.000
DRA000008;0.000
DRA000009;0.000
DRA000010;0.000
DRA000011;0.000
DRA000012;31.000
DRA000013;0.000
DRA000014;10.000
DRA000015;7.000
DRA000016;0.000
DRA000017;3.000
DRA000018;16.000
DRA000019;0.000
DRA000020;0.000
DRA000021;0.000
DRA000022;3.000
DRA000023;1.000
DRA000024;1.000
DRA000025;0.000
DRA000026;6.000
DRA000027;1.000
DRA000028;9.000
DRA000029;21.000
DRA000030;0.000
DRA000031;0.000
DRA000032;4.000
DRA000033;0.000
DRA000034;0.000
DRA000035;58.000
DRA000036;0.000
DRA000037;0.000
DRA000038;0.000
DRA000039;0.000
DRA000040;0.000
DRA000041;0.000
DRA000042;3.000
DRA000043;0.000
DRA000044;0.000
DRA000045;0.000
DRA000046;0.000
DRA000047;0.000
DRA000048;12.000
DRA000049;0.000
DRA000050;0.000
DRA000051;1.000
DRA000052;0.000
DRA000053;0.000
DRA000054;19.000
DRA000055;6.000
DRA000056;0.000
DRA000057;0.000
DRA000058;0.000
DRA000059;12.000
DRA000060;46.000
DRA000061;24.000
DRA000062;38.000
DRA000063;0.000
DRA000064;0.000
DRA000065;0.000
DRA000066;14.000
DRA000067;12.000
DRA000068;24.000
DRA000069;12.000
DRA000070;9.000
DRA000071;9.000
DRA000072;6.000
DRA000073;3.000
DRA000074;3.000
DRA000075;0.000
DRA000076;21.000
DRA000077;13.000
DRA000078;13.000
DRA000079;0.000
DRA000080;13.000
DRA000081;6.000
DRA000082;9.000
DRA000083;16.000
DRA000084;0.000
DRA000085;6.000
DRA000086;9.000
DRA000087;18.000
DRA000088;18.000
DRA000089;26.000
DRA000090;3.000
DRA000091;8.000
DRA000092;0.000
DRA000093;0.000
DRA000094;10.000
DRA000095;0.000
DRA000096;0.000
DRA000097;0.000
DRA000098;0.000
DRA000099;7.000
DRA000100;0.000
DRA000101;0.000
DRA000102;6.000
DRA000103;0.000
DRA000104;9.000
DRA000105;16.000
DRA000106;14.000
DRA000107;0.000
DRA000108;0.000
DRA000109;19.000
DRA000110;2.000
DRA000111;0.000
DRA000112;7.000
DRA000113;0.000
DRA000114;11.000
DRA000115;11.000
DRA000116;0.000
DRA000117;0.000
DRA000118;0.000
DRA000119;0.000
DRA000120;0.000
DRA000121;2.000
DRA000123;0.000
DRA000124;0.000
DRA000125;0.000
DRA000126;5.000
DRA000127;0.000
DRA000128;0.000
DRA000129;2.000
DRA000130;0.000
DRA000131;10.000
DRA000132;0.000
DRA000133;8.000
DRA000134;0.000
DRA000135;0.000
DRA000136;0.000
DRA000137;0.000
DRA000138;18.000
DRA000139;73.000
DRA000140;0.000
DRA000141;35.000
DRA000142;0.000
DRA000143;0.000
DRA000144;6.000
DRA000145;0.000
DRA000146;0.000
DRA000147;2.000
DRA000148;29.000
DRA000149;0.000
DRA000150;0.000
DRA000151;3.000
DRA000152;4.000
DRA000153;1.000
DRA000154;9.000
DRA000155;6.000
DRA000156;5.000
DRA000157;0.000
DRA000158;0.000
DRA000159;1.000
DRA000160;2.000
DRA000161;47.000
DRA000162;0.000
DRA000163;7.000
DRA000164;7.000
DRA000165;8.000
DRA000166;0.000
DRA000167;0.000
DRA000168;1.000
DRA000169;12.000
DRA000170;0.000
DRA000171;3.000
DRA000172;1.000
DRA000173;16.000
DRA000174;0.000
DRA000175;0.000
DRA000176;0.000
DRA000177;0.000
DRA000178;0.000
DRA000179;0.000
DRA000180;8.000
DRA000181;2.000
DRA000182;5.000
DRA000183;2.000
DRA000184;1.000
DRA000185;10.000
DRA000186;0.000
DRA000187;4.000
DRA000188;2.000
DRA000189;0.000
DRE000004;0.000
DRE000005;0.000
DRE000006;0.000
DRE000007;0.000
DRE000008;0.000
DRE000009;0.000
DRE000010;0.000
DRE000011;0.000
DRE000012;0.000
DRE000013;0.000
DRE000014;0.000
DRE000015;0.000
DRE000016;0.000
DRE000017;0.000
DRE000018;0.000
DRE000019;0.000
DRE000020;0.000
DRE000021;0.000
DRE000022;0.000
DRE000023;0.000
EAS000001;7.000
EAS000002;16.000
EAS000003;3.000
EAS000004;14.000
EAS000005;15.000
EAS000006;8.000
EAS000007;15.000
EAS000008;4.000
EAS000009;3.000
EAS000010;4.000
EAS000011;13.000
EAS000012;1.000
EAS000013;6.000
EAS000014;0.000
EAS000015;40.000
EAS000016;20.000
EAS000017;1.000
EAS000018;4.000
EAS000019;18.000
EAS000020;1.000
EAS000021;7.000
EAS000022;8.000
EAS000023;4.000
EAS000024;1.000
EAS000025;1.000
EAS000026;1.000
EAS000027;11.000
EAS000028;9.000
EAS000029;8.000
EAS000030;7.000
EAS000031;15.000
EAS000032;5.000
EAS000033;3.000
EAS000034;0.000
EAS000035;0.000
ECO000001;0.000
ECO000002;0.000
Eco000003;0.000
ECO000004;0.000
ECO000005;18.000
ECO000006;0.000
Eco000007;379.000
ECO000008;0.000
ECO000009;13.000
ECO000010;0.000
ECO000011;0.000
Eco000012;108.000
Eco000014;35.000
ECO000015;3.000
Eco000016;20.000
Eco000017;0.000
ECO000018;4.000
ECO000019;8.000
ECO000020;1.000
ECO000021;2.000
ECO000022;2.000
ECO000023;4.000
ECO000024;8.000
ECO000025;0.000
ECO000026;4.000
ECO000027;4.000
ECO000028;74.000
ECO000029;117.000
ECO000030;71.000
ECO000031;5.000
ECO000032;24.000
ECO000033;43.000
ECO000034;6.000
ECO000035;8.000
ECO000036;1.000
ECO000037;0.000
ECO000038;0.000
ECO000039;3.000
ECO000040;0.000
ECO000041;3.000
ECO000042;5.000
ECO000043;2.000
ECO000044;0.000
ECO000045;0.000
ECO000046;10.000
ECO000047;5.000
ECO000048;0.000
ECO000049;0.000
ECO000050;2.000
ECO000051;2.000
ECO000052;4.000
ECO000053;2.000
ECO000054;41.000
ECO000055;3.000
ECO000056;46.000
ECO000057;5.000
ECO000058;46.000
ECO000059;110.000
ECO000060;22.000
ECO000061;20.000
ECO000062;0.000
ECO000063;0.000
ECO000064;267.000
ECO000065;32.000
ECO000066;2.000
ECO000067;0.000
ECO000068;0.000
ECO000069;0.000
ECO000070;0.000
ECO000071;9.000
ECO000072;0.000
ECO000073;0.000
ECO000074;0.000
ECO000075;137.000
ECO000076;1.000
ECO000077;7.000
ECO000078;2.000
ECO000079;0.000
ECO000080;36.000
ECO000081;3.000
ECO000082;4.000
ECO000083;10.000
ECO000084;2.000
ECO000085;9.000
ECO000086;4.000
ECO000087;13.000
ECO000088;3.000
ECO000089;12.000
ECO000090;3.000
ECO000091;9.000
ECO000092;5.000
ECO000093;5.000
ECO000094;4.000
ECO000095;7.000
ECO000096;7.000
ECO000097;5.000
ECO000098;5.000
ECO000099;1.000
Eco000100;0.000
ECO000101;7.000
Eco000102;19.000
ECO000103;0.000
ECO000104;0.000
ECO000105;0.000
ECO000106;2.000
ECO000107;4.000
ECO000108;11.000
ECO000109;8.000
ECO000110;4.000
ECO000111;0.000
ECO000112;0.000
ECO000113;0.000
ECO000114;3.000
ECO000115;136.000
ECO000116;0.000
ECO000117;9.000
ECO000118;60.000
ECO000119;21.000
ECO000120;18.000
ECO000121;0.000
ECO000122;0.000
ECO000123;0.000
ECO000124;2.000
ECO000125;2.000
ECO000126;0.000
ECO000127;1.000
ECO000128;2.000
ECO000129;4.000
Eco000130;30.000
Eco000131;10.000
Eco000132;10.000
Eco000133;7.000
ECO000134;3.000
ECO000135;0.000
ECO000136;0.000
ECO000137;0.000
ECO000138;0.000
ECO000139;2.000
ECO000140;0.000
ECO000141;1.000
ECO000142;20.000
ECO000143;0.000
ECO000144;34.000
ECO000145;22.000
ECO000146;30.000
ECO000147;27.000
ECO000148;26.000
ECO000149;33.000
Eco000150;20.000
Eco000151;0.000
ECO000152;5.000
ECO000153;25.000
ECO000154;5.000
ECO000155;0.000
Eco000156;35.000
ECO000157;1.000
ECO000158;0.000
ECO000159;0.000
ECO000160;3.000
ECO000161;4.000
ECO000162;4.000
ECO000163;0.000
ECO000164;0.000
ECO000165;0.000
ECO000166;9.000
ECO000167;3.000
ECO000168;4.000
ECO000169;2.000
ECO000170;15.000
ECO000171;6.000
ECO000172;4.000
ECO000173;7.000
ECO000174;8.000
ECO000175;0.000
ECO000176;4.000
ECO000177;11.000
ECO000178;30.000
ECO000179;2.000
ECO000180;0.000
ECO000181;3.000
ECO000182;13.000
ECO000183;4.000
Eco000184;19.000
ECO000185;3.000
ECO000186;3.000
ECO000187;0.000
ECO000188;2.000
ECO000189;3.000
ECO000190;15.000
ECO000191;1.000
ECO000192;2.000
ECO000193;6.000
ECO000194;11.000
ECO000195;4.000
ECO000196;1.000
ELFX0001;107.000
ELFX0002;6.000
ELFX0003;93.000
ELFX0004;3.000
ELFX0005;10.000
ELFX0006;1.000
ELFX0007;3.000
ELFX0008;2.000
ELFX0009;0.000
ELFX0010;4.000
ELFX0011;2.000
ELFX0012;3.000
ELFX0013;4.000
ELFX0015;0.000
ELFX0016;0.000
ELFX0017;3.000
ELFX0018;0.000
ELFX0020;0.000
ELFX0022;19.000
ELFX0024;7.000
ELFX0025;1.000
ELFX0026;1.000
ELFX0029;0.000
ELFX0031;1.000
ELFX0032;3.000
ELFX0033;15.000
ELFX0034;3.000
ELFX0037;0.000
ELFX0038;22.000
ELFX0039;1.000
ELFX0041;14.000
ELFX0043;0.000
ELFX0048;0.000
ELFX0049;7.000
ELFX0053;8.000
ELFX0058;0.000
ELFX0063;0.000
ELFX0065;47.000
ELFX0066;10.000
ELFX0067;18.000
ELFX0069;0.000
ELFX0072;0.000
ELFX0074;0.000
ELFX0075;0.000
ELFX0077;0.000
ELFX0079;0.000
ELFX0081;11.000
ELFX0082;0.000
ELFX0084;0.000
ELFX0085;4.000
ELFX0086;0.000
ELFX0087;0.000
ELFX0088;0.000
ELFX0089;4.000
ELFX0090;1.000
ELFX0091;0.000
ELFX0092;5.000
ELFX0093;2.000
ELFX0094;7.000
ELFX0095;0.000
ELFX0096;0.000
ELFX0097;0.000
ELFX0098;9.000
ELFX0099;0.000
ELFX0100;0.000
ELFX0101;0.000
ELFX0102;0.000
ELFX0103;92.000
ELFX0104;0.000
ELFX0105;3.000
ELFX0106;0.000
ELFX0107;9.000
ELFX0108;0.000
ELFX0109;0.000
ELFX0110;1.000
ELFX0111;4.000
ELFX0112;22.000
ELFX0113;0.000
ELFX0114;0.000
ELFX0115;8.000
ELFX0116;0.000
ELFX0117;3.000
ELFX0118;3.000
ELFX0119;11.000
ELFX0120;13.000
ELFX0121;2.000
ELFX0122;3.000
ELFX0123;0.000
ELFX0124;3.000
ELFX0125;2.000
ELFX0126;3.000
ELFX0127;0.000
ELFX0128;1.000
ELFX0129;0.000
ELFX0130;1.000
ELFX0131;4.000
ELFX0132;0.000
ELFX0133;2.000
ELFX0134;5.000
ELFX0135;6.000
FOE000001;2.000
FOE000002;0.000
FOE000003;0.000
FOE000004;0.000
FOE000005;0.000
FOE000006;0.000
FOE000007;0.000
FOE000008;0.000
FOE000009;0.000
FOE000010;0.000
FOE000011;0.000
FOE000012;0.000
FOE000013;0.000
FOE000014;0.000
FOE000015;0.000
FOE000016;0.000
FOE000017;0.000
FOE000018;0.000
FOE000019;0.000
FOE000020;0.000
FRAB0001;0.000
FRAB0002;0.000
FRAB0004;2.000
FRAB0006;5.000
FRAB0007;3.000
FRAB0008;0.000
FRAB0009;3.000
FRAB0010;1.000
FRAB0011;0.000
FRAB0012;0.000
FRAB0014;3.000
FRAB0015;11.000
FRAB0018;0.000
FRAB0019;0.000
FRAB0020;0.000
FRAB0023;3.000
FRAB0028;1.000
FRAB0029;0.000
FRAB0030;1.000
FRAB0031;5.000
FRAB0034;0.000
FRAB0035;0.000
FRAB0036;0.000
FRAB0038;0.000
FRAB0039;0.000
FRAB0040;0.000
FRAB0041;0.000
FRAB0043;0.000
FRAB0044;0.000
FRAB0046;0.000
FRAB0049;0.000
FRAB0055;1.000
FRAB0056;0.000
FRAB0058;0.000
FRAB0059;0.000
FRAB0063;0.000
FRAB0064;0.000
FRAB0065;0.000
FRAB0070;4.000
FRAB0071;0.000
FRAB0072;13.000
FRAB0074;3.000
FRAB0075;0.000
FRAB0076;0.000
FRAB0077;3.000
FRAB0078;0.000
FRAB0079;0.000
FRAB0080;1.000
FRAB0081;0.000
FRAB0082;0.000
FRAB0084;0.000
FRAB0085;0.000
FRAB0086;0.000
FRAB0087;0.000
FRAB0088;0.000
FRAB0091;0.000
FRAB0092;1.000
FRAB0093;0.000
FRAB0094;0.000
FRAB0095;4.000
FRAB0096;0.000
FRAB0097;0.000
FRAB0098;0.000
FRAB0099;0.000
FRAB0100;0.000
FRAB0101;0.000
FRAB0102;0.000
FRAB0103;19.000
FRAB0104;0.000
FRAB0105;0.000
FRAB0106;6.000
FRAB0107;2.000
FRAB0108;0.000
FRAB0109;0.000
FRAB0110;0.000
FRAB0111;0.000
FRAB0112;0.000
FRAB0113;0.000
FRAB0114;2.000
FRAB0115;4.000
FRAB0116;2.000
FRE000001;36.000
FRE000002;0.000
FRE000003;42.000
FRE000004;0.000
FRE000005;41.000
FRE000006;48.000
FRE000007;2.000
FRE000008;45.000
FRE000009;37.000
FRE000010;0.000
FRE000011;65.000
FRE000012;14.000
FRE000013;64.000
FRE000014;0.000
FRE000015;0.000
FRE000016;2.000
FRE000017;1.000
FRE000018;0.000
FRE000019;0.000
FRE000020;0.000
FRE000021;0.000
FRE000022;0.000
FRE000023;26.000
FRE000024;37.000
FRE000025;0.000
FRE000026;0.000
FRE000027;0.000
FRE000028;0.000
FRE000029;0.000
FRE000030;0.000
FRE000031;0.000
FRE000032;0.000
FRE000033;19.000
FRE000034;0.000
FRE000035;1.000
FRE000036;3.000
FRE000037;0.000
FRE000038;1.000
FRE000039;3.000
FRE000040;3.000
FRE000041;0.000
FRE000042;22.000
FRE000043;18.000
FRE000044;36.000
FRE000045;44.000
FRE000046;0.000
FRE000047;0.000
FRE000048;0.000
FRE000049;17.000
FRE000050;33.000
FRE000051;0.000
FRE000052;11.000
FRE000056;15.000
FRE000057;29.000
FRE000058;19.000
FRE000059;20.000
FRE000060;14.000
FRE000061;9.000
FRE000062;18.000
FRE000063;15.000
FRE000064;14.000
FRE000065;30.000
FRE000066;10.000
FRE000067;4.000
FRE000068;4.000
FRE000069;4.000
FRE000070;11.000
FRE000071;21.000
FRE000072;12.000
FRE000073;19.000
GRA000001;0.000
GRA000002;0.000
GRA000003;0.000
GRA000004;0.000
GRA000005;0.000
GRA000006;0.000
GRA000007;0.000
GRA000008;0.000
GRA000009;0.000
GRA000010;0.000
GRA000011;0.000
GRA000012;0.000
GRA000013;0.000
GRA000014;0.000
GRA000015;0.000
GRA000016;0.000
GRA000017;0.000
GRA000018;1.000
GRA000019;2.000
GRA000020;1.000
GRA000021;0.000
GRA000022;0.000
GRA000023;0.000
GRA000024;0.000
GRA000025;0.000
GRA000026;0.000
GRA000027;0.000
GRA000028;0.000
GRA000029;0.000
GRA000030;0.000
GRA000031;0.000
GRA000032;0.000
GRA000033;0.000
GRA000034;0.000
GRA000035;0.000
GRA000036;5.000
GRA000037;0.000
GRA000038;0.000
GRA000039;0.000
GRA000040;0.000
GRA000041;0.000
GRA000042;0.000
GRA000043;0.000
GRA000044;0.000
GRA000045;0.000
GRA000046;0.000
GRA000047;0.000
GRA000048;0.000
GRA000049;0.000
GRA000050;0.000
GRA000051;0.000
GRA000052;0.000
GRA000053;0.000
GRA000054;0.000
GRA000055;0.000
GRA000056;0.000
GRA000057;0.000
GRA000058;0.000
GRA000059;0.000
GRA000060;0.000
GRA000061;0.000
GRA000062;0.000
GRA000063;0.000
GRA000064;0.000
GRA000065;0.000
GRA000067;0.000
GRA000068;0.000
GRA000069;0.000
GRA000070;0.000
GRA000071;0.000
GRA000072;0.000
GRA000073;0.000
GRA000074;0.000
GRA000076;0.000
GRA000077;0.000
GRA000078;0.000
GRA000079;0.000
GRA000080;0.000
GRA000081;0.000
GRA000082;0.000
GRA000083;5.000
GRA000084;5.000
GRA000085;0.000
GRA000086;0.000
GRA000087;0.000
GRA000088;0.000
GRA000089;0.000
GRA000090;0.000
GRA000091;0.000
GRA000092;0.000
GRA000093;0.000
GRA000094;0.000
GRA000095;0.000
GRA000096;0.000
GRA000097;0.000
GRA000098;0.000
GRA000099;0.000
GRA000100;0.000
GRA000101;0.000
GRA000102;0.000
GRA000103;0.000
GRA000104;0.000
GRA000105;0.000
GRA000106;0.000
GRA000107;0.000
GRA000108;0.000
GRA000109;0.000
GRA000110;0.000
GRA000111;0.000
GRA000112;0.000
GRA000113;0.000
GRA000114;0.000
GRA000115;0.000
GRA000116;12.000
GRA000117;0.000
GRA000118;0.000
GRA000119;0.000
GRA000120;0.000
GRA000121;0.000
GRA000122;8.000
GRA000123;0.000
GRA000124;0.000
GRA000125;0.000
GRA000126;0.000
GRA000127;0.000
GRA000128;0.000
GRA000129;0.000
GRA000130;0.000
GRA000131;0.000
GRA000132;0.000
GRA000133;1.000
GRA000134;0.000
GRA000135;0.000
GRA000136;0.000
GRA000137;0.000
GRA000138;0.000
GRA000139;0.000
GRA000140;0.000
GRA000141;0.000
GRA000142;0.000
GRA000143;0.000
GRA000144;0.000
GRA000145;0.000
GRA000146;0.000
GRA000147;0.000
GRA000148;0.000
GRA000149;0.000
GRA000150;0.000
GRA000151;0.000
GRA000152;0.000
GRA000153;0.000
GRA000154;0.000
GRA000155;0.000
GRA000156;0.000
GRA000157;0.000
GRA000158;0.000
GRA000159;0.000
GRA000160;0.000
GRA000161;0.000
GRA000162;0.000
GRA000163;0.000
GRA000164;0.000
GRA000165;0.000
GRA000166;0.000
GRA000167;0.000
GRA000169;4.000
GRA000170;0.000
GRA000171;0.000
GRA000172;0.000
GRA000173;0.000
GRA000174;0.000
GRA000175;0.000
GRA000176;0.000
GRA000177;0.000
GRA000178;0.000
GRA000179;6.000
GRA000180;0.000
GRA000181;0.000
GRA000182;0.000
GRA000183;0.000
GRA000184;0.000
GRA000185;0.000
GRA000186;0.000
GRA000187;0.000
GRA000188;0.000
GRA000189;0.000
GRA000190;0.000
GRA000191;0.000
GRA000192;0.000
GRA000193;0.000
GRA000194;5.000
GRA000195;1.000
GRA000196;0.000
GRA000197;0.000
GRA000198;0.000
GRA000199;0.000
GRA000200;0.000
GRA000201;0.000
Had000001;0.000
Had000002;0.000
Had000003;2.000
Had000004;0.000
Had000005;3.000
Had000006;0.000
Had000007;5.000
Had000008;5.000
Had000009;2.000
Had000010;4.000
Had000011;4.000
Had000012;6.000
Had000013;6.000
Had000014;4.000
Had000015;3.000
Had000016;0.000
Had000017;0.000
Had000018;1.000
Had000019;0.000
Had000020;8.000
Had000021;10.000
Had000022;0.000
Had000023;6.000
Had000024;4.000
Had000025;24.000
Had000026;1.000
Had000027;0.000
Had000028;2.000
Had000029;1.000
Had000030;2.000
HIG000001;12.000
HIG000002;0.000
HIG000003;0.000
HIG000004;21.000
HIG000005;0.000
HIG000006;5.000
HIG000007;0.000
HIG000008;20.000
HIG000009;0.000
HIG000010;0.000
HIG000011;0.000
HIG000012;0.000
HIG000013;54.000
HIG000014;0.000
HIG000018;0.000
HIG000019;0.000
HIG000023;0.000
HIG000025;1.000
HIG000030;0.000
HYD000005;6.000
HYD000006;6.000
HYD000008;8.000
HYD000009;8.000
HYD000010;5.000
HYD000011;5.000
HYD000013;0.000
HYD000014;0.000
HYD000020;0.000
HYD000021;0.000
HYD000022;0.000
HYD000023;4.000
HYD000024;1.000
HYD000025;4.000
HYD000026;0.000
HYD000028;0.000
HYD000030;2.000
HYD000034;4.000
HYD000035;0.000
HYD000036;0.000
HYD000037;0.000
HYD000038;7.000
HYD000041;0.000
HYD000042;1.000
HYD000043;0.000
HYD000044;14.000
HYD000045;0.000
HYD000046;0.000
HYD000047;0.000
HYD000049;0.000
HYD000050;5.000
HYD000054;63.000
HYD000055;22.000
HYD000056;13.000
HYD000057;15.000
HYD000058;0.000
HYD000059;12.000
HYD000062;0.000
HYD000063;4.000
HYD000066;2.000
HYD000067;3.000
HYD000068;0.000
HYD000074;1.000
HYD000078;4.000
HYD000079;0.000
HYD000080;1.000
HYD000081;0.000
HYD000084;2.000
HYD000085;7.000
HYD000086;0.000
HYD000087;4.000
HYD000088;2.000
HYD000089;1.000
HYD000090;0.000
HYD000091;4.000
HYD000092;0.000
HYD000093;89.000
HYD000095;0.000
HYD000096;10.000
HYD000097;2.000
HYD000098;0.000
HYD000102;0.000
HYD000103;10.000
HYD000104;12.000
HYD000110;10.000
HYD000115;0.000
HYD000116;1.000
HYD000117;0.000
HYD000118;0.000
HYD000119;5.000
HYD000121;4.000
HYD000122;7.000
HYD000123;4.000
HYD000124;4.000
HYD000125;2.000
HYD000126;0.000
HYD000127;2.000
HYD000129;0.000
HYD000130;0.000
HYD000131;4.000
HYD000132;4.000
HYD000133;8.000
HYD000134;6.000
HYD000135;4.000
HYD000136;4.000
HYD000137;7.000
HYD000138;4.000
HYD000140;0.000
HYD000141;3.000
HYD000142;5.000
HYD000143;1.000
HYD000144;7.000
HYD000147;0.000
HYD000150;2.000
HYD000151;0.000
HYD000152;0.000
HYD000153;0.000
HYD000154;4.000
HYD000158;0.000
HYD000161;0.000
HYD000165;0.000
HYD000166;0.000
HYD000170;0.000
HYD000172;0.000
HYD000173;0.000
HYD000174;0.000
HYD000175;19.000
HYD000176;0.000
HYD000177;13.000
HYD000178;25.000
HYD000179;6.000
HYD000180;8.000
HYD000181;1.000
HYD000183;14.000
HYD000184;5.000
HYD000186;8.000
HYD000187;0.000
HYD000188;0.000
HYD000190;4.000
HYD000191;0.000
HYD000192;1.000
HYD000193;0.000
HYD000194;0.000
HYD000195;0.000
HYD000196;10.000
HYD000199;6.000
HYD000201;2.000
HYD000202;0.000
HYD000204;5.000
HYD000205;13.000
HYD000207;14.000
HYD000208;4.000
HYD000209;0.000
HYD000216;0.000
HYD000219;2.000
HYD000222;0.000
HYD000223;50.000
HYD000225;2.000
HYD000228;3.000
HYD000229;0.000
HYD000230;0.000
HYD000233;1.000
HYD000238;5.000
HYD000239;0.000
HYD000241;21.000
HYD000242;5.000
HYD000243;10.000
HYD000244;20.000
HYD000245;0.000
HYD000246;0.000
HYD000247;3.000
HYD000248;2.000
HYD000249;0.000
HYD000250;0.000
HYD000254;0.000
HYD000255;6.000
HYD000256;7.000
HYD000259;0.000
HYD000260;0.000
HYD000261;1.000
HYD000262;0.000
HYD000263;2.000
HYD000264;2.000
HYD000267;1.000
HYD000269;3.000
HYD000270;1.000
HYD000271;0.000
HYD000272;0.000
HYD000273;0.000
HYD000274;3.000
HYD000275;10.000
HYD000276;2.000
HYD000277;1.000
HYD000280;1.000
HYD000281;1.000
HYD000282;2.000
HYD000285;0.000
HYD000286;2.000
HYD000289;3.000
HYD000297;0.000
HYD000298;10.000
HYD000299;0.000
HYD000301;6.000
HYD000305;1.000
HYD000307;0.000
HYD000310;0.000
HYD000311;2.000
HYD000314;1.000
HYD000315;1.000
HYD000325;0.000
HYD000326;0.000
HYD000327;1.000
HYD000329;0.000
HYD000330;5.000
HYD000331;5.000
HYD000332;0.000
HYD000333;8.000
HYD000334;2.000
HYD000335;0.000
HYD000336;0.000
HYD000338;0.000
HYD000340;0.000
HYD000341;0.000
HYD000342;0.000
HYD000343;0.000
HYD000345;2.000
HYD000346;0.000
HYD000348;6.000
HYD000350;73.000
HYD000351;3.000
HYD000352;2.000
HYD000353;2.000
HYD000354;3.000
HYD000355;3.000
HYD000356;0.000
HYD000357;0.000
HYD000358;0.000
HYD000359;0.000
HYD000364;0.000
HYD000365;1.000
HYD000368;5.000
HYD000369;4.000
HYD000370;0.000
HYD000371;2.000
HYD000372;1.000
HYD000373;3.000
HYD000376;0.000
HYD000378;18.000
HYD000380;1.000
HYD000382;0.000
HYD000383;3.000
HYD000384;7.000
HYD000385;3.000
HYD000386;1.000
HYD000387;0.000
HYD000389;6.000
HYD000390;3.000
HYD000391;0.000
HYD000392;0.000
HYD000393;60.000
HYD000395;0.000
HYD000396;0.000
HYD000397;2.000
HYD000398;0.000
HYD000400;0.000
HYD000401;9.000
HYD000402;4.000
HYD000404;0.000
HYD000405;0.000
HYD000407;0.000
HYD000409;1.000
HYD000410;0.000
HYD000412;0.000
HYD000413;0.000
HYD000414;3.000
HYD000417;3.000
HYD000418;0.000
HYD000419;0.000
HYD000421;1.000
HYD000422;0.000
HYD000423;5.000
HYD000424;2.000
HYD000425;15.000
HYD000426;8.000
HYD000427;0.000
HYD000428;6.000
HYD000429;1.000
HYD000430;0.000
HYD000431;0.000
HYD000432;43.000
HYD000433;0.000
HYD000434;0.000
HYD000435;3.000
HYD000436;6.000
HYD000437;1.000
HYD000438;0.000
HYD000439;0.000
HYD000440;2.000
HYD000441;1.000
HYD000442;5.000
HYD000443;0.000
HYD000444;0.000
HYD000445;0.000
HYD000446;0.000
HYD000447;0.000
HYD000448;7.000
HYD000453;1.000
HYD000454;11.000
HYD000455;0.000
HYD000456;2.000
HYD000458;0.000
HYD000462;0.000
HYD000463;1.000
HYD000464;0.000
HYD000465;1.000
HYD000466;11.000
HYD000467;3.000
HYD000468;2.000
HYD000469;1.000
HYD000470;2.000
HYD000471;0.000
HYD000472;3.000
HYD000473;2.000
HYD000474;2.000
HYD000475;3.000
HYD000476;2.000
HYD000477;0.000
HYD000478;0.000
HYD000479;0.000
HYD000480;5.000
HYD000481;1.000
HYD000482;10.000
HYD000483;11.000
HYD000484;2.000
HYD000485;0.000
HYD000486;0.000
HYD000487;0.000
HYD000488;0.000
HYD000489;0.000
HYD000490;0.000
HYD000491;0.000
HYD000492;0.000
HYD000493;0.000
HYD000494;0.000
HYD000495;0.000
HYD000500;0.000
HYD000501;0.000
HYD000502;0.000
HYD000503;0.000
HYD000504;0.000
HYD000505;0.000
HYD000506;40.000
HYD000507;2.000
HYD000508;4.000
HYD000509;5.000
HYD000510;0.000
HYD000511;11.000
HYD000512;0.000
HYD000513;3.000
HYD000514;8.000
HYD000516;0.000
HYD000517;0.000
HYD000518;3.000
HYD000519;0.000
HYD000520;18.000
HYD000521;3.000
HYD000522;0.000
HYD000523;0.000
HYD000524;0.000
HYD000525;3.000
HYD000526;2.000
HYD000527;1.000
HYD000528;2.000
HYD000529;0.000
HYD000530;3.000
HYD000531;2.000
HYD000532;2.000
HYD000533;1.000
HYD000534;0.000
HYD000535;3.000
HYD000536;0.000
HYD000537;2.000
HYD000538;0.000
HYD000539;0.000
HYD000540;0.000
HYD000541;0.000
HYD000542;0.000
HYD000543;10.000
HYD000545;0.000
HYD000546;0.000
HYD000547;4.000
HYD000548;0.000
HYD000549;0.000
HYD000550;0.000
HYD000551;2.000
HYD000552;1.000
HYD000553;0.000
HYD000554;7.000
HYD000555;14.000
HYD000556;0.000
HYD000557;0.000
HYD000558;0.000
HYD000559;0.000
HYD000560;0.000
HYD000561;0.000
HYD000562;36.000
HYD000563;1.000
HYD000564;0.000
HYD000565;0.000
HYD000566;0.000
HYD000567;4.000
HYD000568;1.000
HYD000569;7.000
HYD000570;3.000
HYD000571;11.000
HYD000572;5.000
HYD000573;2.000
HYD000574;4.000
HYD000575;0.000
HYD000576;0.000
HYD000577;0.000
HYD000578;0.000
HYD000579;0.000
HYD000580;0.000
HYD000581;1.000
HYD000582;1.000
HYD000583;4.000
HYD000584;4.000
HYD000585;0.000
HYD000586;0.000
HYD000587;11.000
HYD000588;0.000
HYD000590;0.000
HYD000591;4.000
HYD000592;1.000
HYD000593;0.000
HYD000594;6.000
HYD000595;0.000
HYD000596;1.000
HYD000597;1.000
HYD000598;2.000
HYD000599;4.000
HYD000600;8.000
HYD000601;0.000
HYD000602;5.000
HYD000603;0.000
HYD000604;0.000
HYD000605;2.000
HYD000606;0.000
HYD000607;4.000
HYD000608;1.000
HYD000609;3.000
HYD000610;4.000
HYD000611;4.000
HYD000612;4.000
HYD000613;0.000
HYD000614;0.000
HYD000615;3.000
HYD000616;2.000
HYD000617;0.000
HYD000618;1.000
HYD000619;15.000
HYD000620;0.000
HYD000621;6.000
HYD000622;1.000
HYD000623;1.000
HYD000624;0.000
HYD000625;1.000
HYD000626;1.000
HYD000627;3.000
HYD000628;2.000
HYD000629;0.000
HYD000630;2.000
HYD000631;0.000
HYD000633;7.000
HYD000634;0.000
HYD000635;6.000
HYD000636;3.000
HYD000637;2.000
HYD000638;0.000
HYD000639;3.000
HYD000640;0.000
HYD000641;4.000
HYD000642;1.000
HYD000643;17.000
HYD000644;15.000
HYD000645;7.000
HYD000646;2.000
HYD000647;1.000
HYD000648;0.000
HYD000649;0.000
HYD000650;0.000
HYD000651;5.000
HYD000652;1.000
HYD000653;0.000
HYD000654;4.000
HYD000655;1.000
HYD000656;0.000
HYD000657;2.000
HYD000658;0.000
HYD000659;2.000
HYD000660;5.000
HYD000661;1.000
HYD000662;2.000
HYD000663;11.000
HYD000664;1.000
HYD000665;1.000
HYD000666;1.000
HYD000667;0.000
HYD000668;0.000
HYD000669;0.000
HYD000670;2.000
HYD000671;0.000
HYD000672;0.000
HYD000673;0.000
HYD000674;4.000
HYD000675;2.000
HYD000676;1.000
HYD000677;3.000
HYD000678;0.000
HYD000679;3.000
HYD000680;8.000
HYD000681;1.000
HYD000682;0.000
HYD000683;1.000
HYD000684;0.000
HYD000685;0.000
HYD000686;2.000
HYD000687;0.000
HYD000688;0.000
HYD000689;1.000
HYD000690;0.000
HYD000691;0.000
HYD000692;0.000
HYD000693;0.000
HYD000694;0.000
HYD000695;0.000
HYD000696;0.000
HYD000697;0.000
HYD000698;0.000
HYD000699;0.000
HYD000700;0.000
HYD000701;0.000
HYD000702;0.000
HYD000703;0.000
HYD000704;0.000
HYD000705;0.000
HYD000706;0.000
HYD000707;0.000
HYD000708;0.000
HYD000709;0.000
HYD000710;4.000
HYD000711;4.000
HYD000712;4.000
HYD000713;6.000
HYD000714;4.000
HYD000715;4.000
HYD000716;5.000
HYD000717;3.000
HYD000718;3.000
HYD000719;1.000
HYD000720;0.000
HYD000721;0.000
HYD000722;0.000
HYD000723;0.000
HYD000724;0.000
HYD000725;1.000
HYD000726;0.000
HYD000727;1.000
HYD000728;1.000
HYD000729;0.000
HYD000730;0.000
HYD000731;0.000
HYD000732;0.000
HYD000733;4.000
HYD000734;6.000
HYD000735;4.000
HYD000736;4.000
HYD000737;4.000
HYD000738;4.000
HYD000739;6.000
HYD000740;2.000
HYD000741;1.000
HYD000742;0.000
HYD000743;0.000
HYD000744;0.000
HYD000745;1.000
HYD000746;0.000
HYD000747;0.000
HYD000748;0.000
HYD000749;0.000
HYD000750;2.000
HYD000751;0.000
HYD000752;0.000
HYD000753;0.000
HYD000754;0.000
HYD000755;2.000
HYD000756;0.000
HYD000757;0.000
HYD000758;0.000
HYD000759;2.000
HYD000760;0.000
HYD000761;1.000
HYD000762;0.000
HYD000763;1.000
HYD000764;2.000
HYD000765;0.000
HYD000766;3.000
HYD000767;1.000
HYD000768;2.000
HYD000769;4.000
HYD000770;0.000
HYD000771;0.000
HYD000772;2.000
HYD000773;4.000
HYD000774;7.000
HYD000775;0.000
HYD000776;1.000
HYD000777;0.000
HYD000778;0.000
HYD000779;0.000
HYD000780;0.000
HYD000781;4.000
HYD000782;0.000
HYD000783;0.000
HYD000785;0.000
HYD000786;0.000
HYD000787;0.000
HYD000788;0.000
HYD000789;0.000
HYD000790;2.000
HYD000791;0.000
HYD000792;0.000
HYD000793;2.000
HYD000794;1.000
HYD000795;0.000
HYD000796;0.000
HYD000797;4.000
HYD000798;7.000
HYD000799;17.000
HYD000800;1.000
HYD000801;1.000
HYD000802;4.000
HYD000803;0.000
HYD000804;1.000
HYD000805;0.000
HYD000806;0.000
HYD000807;0.000
HYD000808;0.000
HYD000809;1.000
HYD000810;2.000
HYD000811;0.000
HYD000812;0.000
HYD000813;0.000
HYD000814;3.000
HYD000815;0.000
HYD000816;0.000
HYD000817;0.000
HYD000818;2.000
HYD000819;2.000
HYD000820;0.000
HYD000821;17.000
HYD000822;3.000
HYD000823;1.000
HYD000824;0.000
HYD000825;3.000
HYD000826;1.000
HYD000827;0.000
HYD000828;1.000
HYD000829;1.000
HYD000830;1.000
HYD000831;0.000
HYD000832;0.000
HYD000833;11.000
HYD000834;0.000
HYD000835;0.000
HYD000836;5.000
HYD000837;0.000
HYD000838;1.000
HYD000839;1.000
HYD000840;0.000
HYD000841;1.000
HYD000842;0.000
HYD000843;0.000
HYD000844;7.000
HYD000845;1.000
HYD000846;0.000
HYD000847;1.000
HYD000848;0.000
HYD000849;5.000
HYD000850;3.000
HYD000851;0.000
HYD000852;0.000
HYD000853;0.000
HYD000854;0.000
HYD000855;0.000
HYD000856;0.000
HYD000857;0.000
HYD000858;0.000
HYD000859;1.000
HYD000860;7.000
HYD000861;0.000
HYD000862;4.000
HYD000863;0.000
HYD000864;1.000
HYD000865;3.000
HYD000866;1.000
HYD000867;1.000
HYD000868;0.000
HYD000869;1.000
HYD000870;0.000
HYD000871;1.000
HYD000872;0.000
HYD000873;7.000
HYD000874;0.000
HYD000875;0.000
HYD000876;5.000
HYD000877;1.000
HYD000878;0.000
HYD000879;1.000
HYD000880;1.000
HYD000881;1.000
HYD000882;0.000
HYD000883;1.000
HYD000884;0.000
HYD000885;0.000
HYD000886;0.000
HYD000887;2.000
HYD000888;0.000
HYD000889;0.000
HYD000890;3.000
HYD000891;0.000
HYD000892;1.000
HYD000893;2.000
HYD000894;1.000
HYD000895;0.000
HYD000896;0.000
HYD000897;0.000
HYD000898;0.000
HYD000899;4.000
HYD000900;0.000
HYD000901;1.000
HYD000902;1.000
HYD000903;14.000
HYD000904;1.000
HYD000905;1.000
HYD000906;0.000
HYD000907;2.000
HYD000908;8.000
HYD000909;2.000
HYD000910;2.000
HYD000911;0.000
HYD000912;0.000
HYD000913;3.000
HYD000914;0.000
HYD000915;6.000
HYD000916;0.000
HYD000917;10.000
HYD000919;0.000
HYD000920;57.000
HYD000921;5.000
HYD000922;2.000
HYD000923;0.000
HYD000924;7.000
HYD000925;0.000
HYD000926;2.000
HYD000927;0.000
HYD000928;1.000
HYD000929;8.000
HYD000930;0.000
HYD000935;2.000
HYD000936;5.000
HYD000937;23.000
HYD000938;0.000
HYD000939;0.000
HYD000940;0.000
HYD000941;0.000
HYD000942;0.000
HYD000943;0.000
HYD000944;16.000
HYD000945;0.000
HYD000946;4.000
HYD000947;2.000
HYD000948;5.000
HYD000949;0.000
HYD000950;1.000
HYD000951;0.000
HYD000952;0.000
HYD000953;0.000
HYD000954;0.000
HYD000955;2.000
HYD000956;6.000
HYD000957;3.000
HYD000958;0.000
HYD000959;0.000
HYD000960;0.000
HYD0009612;0.000
HYD000962;0.000
HYD000963;0.000
HYD000964;0.000
HYD000965;0.000
HYD000966;1.000
HYD000967;1.000
HYD000968;2.000
HYD000969;0.000
HYD000970;0.000
HYD000971;0.000
HYD000972;0.000
HYD000973;0.000
HYD000974;0.000
HYD000975;0.000
HYD000976;0.000
HYD000977;0.000
HYD000978;0.000
HYD000979;0.000
HYD000980;0.000
HYD000981;6.000
HYD000982;4.000
HYD000983;0.000
HYD000984;0.000
HYD000985;0.000
HYD000986;1.000
HYD000987;2.000
HYD000988;1.000
HYD000989;0.000
HYD000990;0.000
HYD000991;0.000
HYD000992;4.000
HYD000993;0.000
HYD000994;5.000
HYD000995;11.000
HYD000996;0.000
HYD000997;1.000
HYD000998;0.000
HYD000999;0.000
HYD001000;1.000
HYD001001;0.000
HYD001002;0.000
HYD001003;0.000
HYD001004;0.000
HYD001005;0.000
HYD001006;3.000
HYD001007;1.000
HYD001008;2.000
HYD001009;0.000
HYD001010;0.000
HYD001011;3.000
HYD001012;0.000
HYD001013;0.000
HYD001014;1.000
HYD001015;1.000
HYD001016;0.000
HYD001017;0.000
HYD001018;0.000
HYD001019;0.000
HYD001020;0.000
HYD001021;1.000
HYD001022;9.000
HYD001023;0.000
HYD001024;0.000
HYD001025;2.000
HYD001026;0.000
HYD001027;0.000
HYD001028;0.000
HYD001029;0.000
HYD001030;3.000
HYD001031;2.000
HYD001032;0.000
HYD001033;2.000
HYD001034;2.000
HYD001035;1.000
HYD001036;1.000
HYD001037;1.000
HYD001038;0.000
HYD001039;1.000
HYD001040;0.000
HYD001041;2.000
HYD001042;1.000
HYD001043;0.000
HYD001044;0.000
HYD001045;1.000
HYD001046;1.000
HYD001047;0.000
HYD001048;0.000
HYD001049;0.000
HYD001050;0.000
HYD001051;0.000
HYD001052;14.000
HYD001053;4.000
HYD001054;1.000
HYD001055;0.000
HYD001056;1.000
HYD001057;0.000
HYD001058;0.000
HYD001059;1.000
HYD001060;16.000
HYD001061;1.000
HYD001062;0.000
HYD001063;2.000
HYD001064;2.000
HYD001065;2.000
HYD001066;1.000
HYD001067;2.000
HYD001068;4.000
HYD001069;0.000
HYD001070;1.000
HYD001071;1.000
HYD001072;0.000
HYD001073;0.000
HYD001074;0.000
HYD001075;2.000
HYD001076;0.000
HYD001077;7.000
HYD001078;0.000
HYD001079;1.000
HYD001080;1.000
HYD001081;0.000
HYD001082;1.000
HYD001083;0.000
HYD001084;1.000
HYD001085;3.000
HYD001086;2.000
HYD001087;2.000
HYD001088;2.000
HYD001089;3.000
HYD001090;1.000
HYD001091;0.000
HYD001092;0.000
HYD001093;2.000
HYD001094;1.000
HYD001095;4.000
HYD001096;7.000
HYD001097;0.000
HYD001098;0.000
HYD001099;1.000
HYD001100;0.000
HYD001101;0.000
HYD001102;0.000
HYD001103;1.000
HYD001104;4.000
HYD001105;5.000
HYD001106;1.000
HYD001107;1.000
HYD001108;2.000
HYD001109;0.000
HYD001110;0.000
HYD001111;1.000
HYD001112;1.000
HYD001113;2.000
HYD001114;1.000
HYD001115;0.000
HYD001116;0.000
HYD001117;1.000
HYD001118;4.000
HYD001119;2.000
HYD001120;0.000
HYD001121;0.000
HYD001122;0.000
HYD001123;0.000
HYD001124;2.000
HYD001125;0.000
HYD001126;2.000
HYD001127;1.000
HYD001128;1.000
HYD001129;0.000
HYD001130;5.000
HYD001131;0.000
HYD001132;0.000
HYD001133;0.000
HYD001134;0.000
HYD001135;3.000
HYD001136;1.000
HYD001137;0.000
HYD001138;0.000
HYD001139;5.000
HYD001140;1.000
HYD001141;0.000
HYD001142;10.000
HYD001143;0.000
HYD001144;0.000
HYD001145;5.000
HYD001146;0.000
HYD001147;0.000
HYD001148;2.000
HYD001149;0.000
HYD001150;0.000
HYD001151;0.000
HYD001152;0.000
HYD001153;0.000
HYD001154;0.000
HYD001155;1.000
HYD001156;1.000
HYD001157;0.000
HYD001158;0.000
HYD001159;0.000
HYD001160;0.000
HYD001161;0.000
HYD001162;1.000
HYD001163;0.000
HYD001164;0.000
HYD001165;0.000
HYD001166;3.000
HYD001167;2.000
HYD001168;2.000
HYD001169;0.000
HYD001170;0.000
HYD001171;8.000
HYD001172;1.000
HYD001173;1.000
HYD001174;4.000
HYD001175;2.000
HYD001176;0.000
HYD001177;1.000
HYD001178;1.000
HYD001179;6.000
HYD001180;2.000
HYD001181;1.000
HYD001182;0.000
HYD001183;0.000
HYD001184;1.000
HYD001185;0.000
HYD001186;0.000
HYD001187;2.000
HYD001188;1.000
HYD001189;1.000
HYD001190;0.000
HYD001191;0.000
HYD001192;0.000
HYD001193;1.000
HYD001194;0.000
HYD001195;0.000
HYD001196;0.000
HYD001197;0.000
HYD001198;2.000
HYD001199;0.000
HYD001200;2.000
HYD001201;0.000
HYD001202;2.000
HYD001203;0.000
HYD001204;1.000
HYD001205;5.000
HYD001206;1.000
HYD001207;0.000
HYD001208;1.000
HYD001209;0.000
HYD001210;2.000
HYD001211;0.000
HYD001212;0.000
HYD001213;1.000
HYD001214;0.000
HYD001215;1.000
HYD001216;1.000
HYD001217;1.000
HYD001218;3.000
HYD001219;0.000
HYD001220;17.000
HYD001221;20.000
HYD001222;10.000
HYD001223;0.000
HYD001224;0.000
HYD001225;2.000
HYD001226;1.000
HYD001227;6.000
HYD001228;2.000
HYD001229;0.000
HYD001230;2.000
HYD001231;0.000
HYD001232;5.000
HYD001233;4.000
HYD001234;2.000
HYD001235;0.000
HYD001236;0.000
HYD001237;0.000
HYD001238;2.000
HYD001239;1.000
HYD001240;1.000
HYD001241;1.000
HYD001242;2.000
HYD001243;2.000
HYD001244;0.000
HYD001245;1.000
HYD001246;1.000
HYD001247;1.000
HYD001248;1.000
HYD001249;0.000
HYD001250;1.000
HYD001251;0.000
HYD001252;0.000
HYD001253;1.000
HYD001254;0.000
HYD001255;1.000
HYD001256;0.000
INNE0007;0.000
INNE0010;0.000
INNE0011;0.000
INNE0018;0.000
INNE0021;10.000
INNE0030;0.000
INNE0031;5.000
INNE0035;51.000
INNE0037;0.000
INNE0039;1.000
INNE0040;10.000
INNE0041;0.000
INNE0042;12.000
INNE0045;20.000
INNE0046;0.000
INNE0047;0.000
INNE0048;0.000
INNE0049;0.000
INNE0050;103.000
INNE0051;0.000
INNE0053;0.000
INNE0054;0.000
INNE0055;0.000
INNE0057;2.000
INNE0058;0.000
INNE0059;0.000
INNE0060;0.000
INNE0061;0.000
INNE0062;1.000
INNE0063;0.000
INNE0064;0.000
INNE0065;0.000
INNE0066;0.000
INNE0068;3.000
INNE0069;0.000
INNE0071;0.000
INNE0072;1.000
INNE0073;0.000
INNE0075;0.000
INNE0076;0.000
INNE0077;1.000
INNE0078;2.000
INNE0079;1.000
INNE0080;0.000
INNE0081;0.000
INNE0083;10.000
INNE0084;0.000
INNE0085;0.000
INNE0086;5.000
INNE0087;28.000
INNE0088;0.000
INNE0089;0.000
INNE0090;0.000
INNE0091;0.000
INNE0092;0.000
INNE0093;1.000
INNE0094;0.000
INNE0095;0.000
INNE0096;0.000
INNE0097;0.000
INNE0098;0.000
INNE0099;0.000
INNE0100;0.000
INNE0101;0.000
INNE0102;0.000
INNE0103;0.000
INNE0104;0.000
INNE0105;0.000
INNE0106;0.000
INNE0107;0.000
INNE0108;0.000
INNE0109;0.000
INNE0110;0.000
INNE0111;0.000
INNE0112;26.000
INNE0114;0.000
INNE0115;0.000
INNE0116;0.000
INNE0117;0.000
INNE0118;0.000
INNE0119;0.000
INNE0120;0.000
INNE0121;194.000
INNE0122;0.000
INNE0123;0.000
INNE0124;0.000
INNE0125;0.000
INNE0126;4.000
INNE0127;4.000
INNE0128;6.000
INNE0129;6.000
INNE0130;0.000
INNE0131;1.000
INNE0132;0.000
INNE0133;7.000
INNE0135;0.000
INNE0136;0.000
INNE0137;2.000
INNE0138;8.000
INNE0139;0.000
INNE0140;8.000
INNE0141;5.000
INNE0142;7.000
INNE0143;5.000
INNE0144;7.000
INNE0145;5.000
INNE0146;5.000
INNE0147;4.000
INNE0148;7.000
INNE0149;4.000
INNE0150;5.000
INNE0151;0.000
INNE0152;0.000
INNE0153;3.000
INNE0154;0.000
INNE0155;0.000
INNE0156;0.000
INNE0157;0.000
INNE0158;2.000
INNE0159;0.000
INNE0160;10.000
INNE0161;4.000
INNE0162;3.000
INNE0163;0.000
INNE0164;0.000
INNE0165;0.000
INNE0166;0.000
INNE0167;0.000
INNE0168;0.000
INNE0169;0.000
INNE0170;0.000
INNE0171;0.000
INNE0172;0.000
INNE0173;0.000
INNE0174;0.000
INNE0175;0.000
INNE0176;0.000
INNE0177;3.000
INNE0178;0.000
INNE0179;0.000
INNE0180;0.000
INNE0181;0.000
INNE0182;0.000
INNE0183;0.000
INNE0184;0.000
INNE0185;0.000
INNE0186;0.000
INNE0187;1.000
INNE0188;0.000
INNE0189;0.000
INNE0190;0.000
INNE0191;0.000
INNE0192;0.000
INNE0193;0.000
INNE0194;0.000
INNE0195;6.000
INNE0196;0.000
INNE0197;0.000
INNE0198;0.000
INNE0199;0.000
INNE0200;0.000
INNE0201;0.000
INNE0202;0.000
INNE0203;0.000
INNE0204;0.000
INNE0205;6.000
INNE0206;0.000
INNE0207;0.000
INNE0208;0.000
INNE0209;0.000
INNE0210;0.000
INNE0211;0.000
INNE0212;0.000
INNE0213;5.000
INNE0214;0.000
INNE0215;0.000
INNE0216;0.000
INNE0217;0.000
INNE0218;0.000
INNE0219;0.000
INNE0220;0.000
INNE0221;0.000
INNE0222;0.000
INNE0223;4.000
INNE0224;0.000
INNE0225;3.000
INNE0226;0.000
INNE0227;0.000
INNE0228;0.000
INNE0229;0.000
INNE0230;0.000
INNE0231;0.000
INNE0232;0.000
INNE0233;0.000
INNE0234;0.000
INNE0235;0.000
INNE0236;0.000
INNE0237;0.000
INNE0238;1.000
INNE0239;0.000
INNE0240;1.000
INNE0241;0.000
INNE0242;3.000
INNE0243;0.000
INNE0244;0.000
INNE0245;0.000
INNE0246;11.000
INNE0247;5.000
INNE0248;1.000
INNE0249;1.000
INNE0250;29.000
INNE0251;23.000
INNE0252;0.000
INNE0253;3.000
INNE0254;0.000
INNE0255;2.000
INNE0256;0.000
INNE0257;0.000
INNE0258;0.000
INNE0260;0.000
INNE0261;0.000
INNE0262;0.000
INNE0263;0.000
INNE0264;0.000
INNE0266;0.000
INNE0267;0.000
INNE0268;0.000
INNE0269;0.000
INNE0270;0.000
INNE0271;0.000
INNE0272;0.000
INNE0273;0.000
INNE0274;0.000
INNE0275;0.000
INNE0276;0.000
INNE0277;0.000
INNE0278;3.000
INNE0279;0.000
INNE0280;0.000
INNE0281;2.000
INNE0282;3.000
INNE0283;0.000
INNE0284;11.000
INNE0285;1.000
INNE0286;0.000
INNE0287;0.000
INNE0288;0.000
INNE0289;0.000
INNE0290;2.000
INNE0291;2.000
INNE0292;0.000
INNE0293;0.000
INNE0294;0.000
INNE0296;0.000
INNE0297;0.000
INNE0298;0.000
INNE0299;0.000
INNE0300;1.000
INNE0301;2.000
INNE0302;0.000
INNE0303;1.000
INNE0304;0.000
INNE0305;0.000
INNE0306;0.000
INNE0307;0.000
INNE0308;0.000
INNE0309;0.000
INNE0310;0.000
INNE0311;0.000
INNE0312;0.000
INNE0313;1.000
INNE0314;0.000
INNE0315;0.000
INNE0316;17.000
INNE0317;0.000
INNE0318;0.000
INNE0319;0.000
INNE0320;0.000
INNE0322;57.000
INNE0323;0.000
INNE0324;0.000
INNE0325;0.000
INNE0326;0.000
INNE0327;9.000
INNE0328;0.000
INNE0329;0.000
INNE0330;0.000
INNE0331;0.000
INNE0332;0.000
INNE0333;0.000
INNE0334;0.000
INNE0335;0.000
INNE0336;30.000
INNE0337;23.000
INNE0338;26.000
INNE0339;2.000
INNE0340;7.000
INNE0341;0.000
INNE0343;0.000
INNE0344;0.000
INNE0345;0.000
INNE0346;1.000
INNE0347;0.000
INNE0348;0.000
INNE0349;0.000
INNE0350;6.000
INNE0351;0.000
INNE0352;0.000
INNE0353;4.000
INNE0354;0.000
INNE0355;0.000
INNE0356;1.000
INNE0357;0.000
INNE0358;0.000
INNE0359;0.000
INNE0360;0.000
INNE0361;72.000
INNE0362;0.000
INNE0363;0.000
INNE0364;2.000
INNE0365;8.000
INNE0366;1.000
INNE0367;0.000
INNE0368;41.000
INNE0369;0.000
INNE0370;0.000
INNE0371;0.000
INNE0372;0.000
INNE0373;0.000
INNE0374;0.000
INNE0375;0.000
INNE0376;0.000
INNE0377;0.000
INNE0378;5.000
INNE0379;0.000
INNE0380;0.000
INNE0381;0.000
INNE0382;1.000
INNE0383;3.000
INNE0384;1.000
INNE0385;0.000
INNE0386;0.000
INNE0387;7.000
INNE0388;0.000
INNE0389;0.000
INNE0390;0.000
INNE0393;0.000
INNE0394;0.000
INNE0395;0.000
INNE0396;0.000
INNE0397;0.000
INNE0398;0.000
INNE0399;0.000
INNE0400;0.000
INNE0401;0.000
INNE0402;0.000
INNE0403;0.000
INNE0404;3.000
INNE0405;63.000
INNE0406;0.000
INNE0407;0.000
INNE0408;9.000
INNE0409;0.000
INNE0410;0.000
INNE0411;1.000
INNE0412;0.000
INNE0413;7.000
INNE0414;5.000
INNE0415;0.000
INNE0416;0.000
INNE0417;3.000
INNE0418;0.000
INNE0419;3.000
INNE0420;4.000
INNE0422;0.000
INNE0423;3.000
INNE0424;4.000
INNE0425;1.000
INNE0426;0.000
INNE0427;0.000
INNE0428;0.000
INNE0429;0.000
INNE0430;6.000
INNE0431;2.000
INNE0432;1.000
INNE0433;2.000
INNE0434;7.000
INNE0435;0.000
INNE0436;6.000
INNE0437;43.000
INNE0438;0.000
INNE0439;2.000
INNE0440;1.000
INNE0441;0.000
INNE0442;6.000
INNE0443;0.000
INNE0444;6.000
INNE0445;11.000
INNE0447;0.000
INNE0448;0.000
INNE0449;7.000
INNE0450;0.000
INNE0451;0.000
INNE0452;2.000
INNE0453;0.000
INNE0454;4.000
INNE0455;4.000
INNE0456;7.000
INNE0457;5.000
INNE0458;4.000
INNE0459;0.000
INNE0461;0.000
INNE0470;1.000
INNE0471;0.000
INNE0472;37.000
INNE0473;4.000
INNE0474;0.000
INNE0475;5.000
INNE0476;3.000
INNE0477;2.000
INNE0478;1.000
INNE0479;2.000
INNE0480;0.000
INNE0481;1.000
INNE0482;0.000
INNE0483;2.000
INNE0484;4.000
INNE0485;7.000
INNE0486;1.000
INNE0487;2.000
INNE0488;4.000
INNE0489;7.000
INNE0490;1.000
INNE0491;8.000
INNE0492;5.000
INNE0493;1.000
INNE0494;1.000
INNE0495;1.000
INNE0496;2.000
INNE0497;2.000
INNE0498;2.000
INNE0499;1.000
INNE0500;5.000
INNE0501;1.000
INNE0502;6.000
INNE0503;10.000
INNE0504;0.000
INNE0505;1.000
INNE0506;4.000
INNE0507;0.000
INNE0508;11.000
INNE0509;1.000
INNE0510;3.000
INNE0511;0.000
INNE0512;0.000
INNE0513;0.000
INNE0514;0.000
INNE0515;0.000
INNE0516;0.000
INNE0517;3.000
INNE0518;5.000
INNE0519;1.000
INNE0520;2.000
INNE0521;0.000
INNE0522;4.000
INNE0523;10.000
INNE0524;4.000
INNE0525;3.000
INNE0527;1.000
INNE0528;1.000
INNE0529;4.000
INNE0530;1.000
INNE0531;2.000
INNE0532;1.000
INNE0533;2.000
INNE0534;1.000
INNE0535;1.000
INNE0536;1.000
INNE0537;1.000
INNE0538;2.000
INNE0539;0.000
INNE0540;31.000
INNE0541;2.000
INNE0542;15.000
INNE0543;2.000
INNE0544;1.000
INNE0545;1.000
INNE0546;14.000
INNE0547;1.000
INNE0548;2.000
INNE0549;2.000
INNE0550;1.000
INNE0551;3.000
INNE0552;1.000
INNE0553;0.000
INNE0554;0.000
INNE0555;2.000
INNE0556;2.000
INNE0557;1.000
INNE0558;3.000
INNE0559;0.000
INNE0560;0.000
INNE0561;1.000
INNE0562;1.000
INNE0563;14.000
INNE0564;13.000
INNE0565;9.000
INNE0566;0.000
INNE0567;0.000
INNE0568;0.000
INNE0569;0.000
INNE0570;1.000
INNE0571;1.000
INNE0572;0.000
INNE0573;48.000
INNE0574;0.000
INNE0575;0.000
INNE0576;0.000
INNE0577;0.000
INNE0578;0.000
INNE0579;0.000
INNE0580;0.000
INNE0581;0.000
INNE0582;3.000
INNE0583;8.000
INNE0584;4.000
INNE0585;1.000
INNE0586;2.000
INNE0587;0.000
INNE0588;3.000
INNE0589;24.000
INNE0590;0.000
INNE0591;6.000
INNE0592;0.000
INNE0593;6.000
INNE0594;6.000
INNE0595;6.000
INNE0596;0.000
INNE0597;0.000
INNE0598;0.000
INNE0599;0.000
INNE0600;0.000
INNE0638;0.000
INNE0640;0.000
INNE0644;0.000
INNE0660;14.000
INNE0661;9.000
INNE0667;0.000
INNE0674;20.000
INNE0677;0.000
INNE0682;0.000
INNE0713;0.000
INNE0747;0.000
INNE0759;2.000
INNE0760;2.000
INNE0761;2.000
INNE0762;1.000
INNE0770;0.000
INNE0777;0.000
INNE0779;0.000
INNE0798;0.000
INNE0810;9.000
INNE0811;0.000
INNE0812;0.000
INNE0813;0.000
INNE0817;267.000
INNE0820;55.000
INNE0821;0.000
INNE0866;0.000
INNE0870;0.000
INNE0874;0.000
INNE0878;0.000
INNE0879;0.000
INNE0899;2.000
INNE0901;1.000
INNE0903;0.000
INNE0908;3.000
INNE0912;0.000
INNE0938;3.000
INNE0945;0.000
INNE0950;0.000
INNE0951;0.000
INNE0955;0.000
INNE0959;0.000
INNE0968;0.000
INNE0992;3.000
INNE0998;0.000
INNE1000;0.000
INNE1006;61.000
INNE1008;0.000
INNE1017;15.000
INNE1024;4.000
INNE1030;0.000
INNE1041;0.000
INNE1043;0.000
INNE1047;9.000
INNE1048;0.000
INNE1060;2.000
INNE1061;0.000
INNE1063;0.000
INNE1068;0.000
INNE1069;0.000
INNE1078;0.000
INNE1079;0.000
INNE1094;0.000
JAC000003;10.000
JAC000005;12.000
JAC000006;18.000
JAC000007;4.000
JAC000008;19.000
JAC000009;0.000
JAC000012;0.000
JAC000013;30.000
JAC000015;4.000
JAC000016;0.000
JAC000017;4.000
JAC000018;72.000
JAC000022;44.000
JAC000023;0.000
JAC000026;5.000
JAC000027;13.000
JAC000028;13.000
JAC000029;0.000
JAC000030;36.000
JAC000031;70.000
JAC000032;0.000
JAC000033;0.000
JAC000034;14.000
JAC000035;26.000
JAC000036;4.000
JAC000037;5.000
JAC000038;11.000
JAC000039;1.000
JAC000040;5.000
JAC000041;38.000
JAC000042;2.000
JAC000043;0.000
JAC000044;0.000
JAC000045;1.000
JAC000046;4.000
JAC000047;5.000
JAC000048;10.000
JAC000049;0.000
JAX000001;3.000
JAX000002;4.000
JAX000003;0.000
JAX000004;5.000
JAX000005;0.000
JAX000006;23.000
JAX000007;1.000
JAX000008;0.000
JAX000009;8.000
JAX000010;6.000
JAX000011;0.000
JAX000012;0.000
JAX000013;0.000
JAX000014;110.000
JAX000015;0.000
JAX000016;0.000
JAX000017;0.000
JAX000018;4.000
JAX000019;0.000
JAX000020;0.000
JAX000022;0.000
JAX000023;0.000
JAX000024;0.000
JAX000025;0.000
JAX000026;67.000
JAX000036;0.000
K2000001;1.000
K2000002;2.000
K2000003;3.000
K2000004;4.000
K2000005;11.000
K2000006;2.000
K2000007;1.000
K2000008;4.000
K2000009;3.000
K2000010;4.000
K2000011;3.000
K2000012;2.000
K2000013;2.000
K2000014;3.000
K2000015;6.000
K2000016;3.000
K2000017;2.000
K2000018;6.000
K2000019;2.000
K2000020;5.000
K2000021;8.000
K2000022;3.000
K2000023;2.000
K2000024;3.000
K2000025;3.000
K2000026;3.000
K2000027;5.000
K2000028;9.000
K2000029;2.000
K2000030;6.000
K2000031;1.000
K2000032;1.000
K2000033;1.000
K2000034;3.000
K2000035;2.000
K2000036;11.000
K2000038;7.000
K2000039;12.000
K2000040;3.000
K2000041;0.000
K2000042;9.000
K2000043;3.000
K2000044;1.000
K2000045;1.000
K2000046;2.000
K2000047;3.000
K2000048;2.000
K2000049;2.000
K2000050;3.000
K2000051;3.000
K2000052;3.000
K2000053;3.000
K2000054;2.000
K2000055;2.000
K2000056;2.000
K2000057;2.000
K2000058;2.000
K2000059;2.000
K2000060;3.000
K2000061;2.000
K2000062;2.000
K2000063;2.000
K2000064;3.000
K2000065;6.000
K2000066;6.000
KAL000001;0.000
KAL000004;0.000
KAL000005;0.000
KAL000006;4.000
KAL000007;0.000
KAL000008;8.000
KAL000009;5.000
KAL000010;0.000
KAL000011;4.000
KAL000012;9.000
KAL000013;5.000
KAL000014;6.000
KAL000015;1.000
KAL000016;8.000
KAL000017;6.000
KAL000018;4.000
KAL000019;5.000
KAL000020;10.000
KAL000021;6.000
KAL000022;4.000
KAL000023;7.000
KAL000024;12.000
KAL000025;7.000
KAL000026;9.000
KAL000027;8.000
KAL000028;7.000
KAL000029;6.000
KAL000030;8.000
KAL000031;0.000
KAL000032;5.000
KAL000033;0.000
KAL000034;0.000
KAL000035;5.000
KAL000036;0.000
KAL000037;31.000
KAL000038;0.000
KAL000039;11.000
KAL000040;0.000
KAL000041;6.000
KAL000042;10.000
KAL000043;2.000
KAL000044;5.000
KAL000045;3.000
KAL000046;7.000
KAL000047;0.000
KAL000048;11.000
KAL000049;17.000
KAL000050;4.000
KAL000051;0.000
KAL000052;13.000
KAL000053;5.000
KAL000054;8.000
KAL000055;2.000
KAL000056;6.000
KAL000057;6.000
KAL000058;5.000
KAL000059;2.000
KAL000060;9.000
KAL000061;7.000
KAL000062;0.000
KAL000063;0.000
KAL000065;0.000
KAL000066;10.000
KAL000067;0.000
KAL000068;0.000
KAL000069;1.000
KAL000070;0.000
KAL000071;0.000
KAL000072;0.000
KAL000073;0.000
KAL000074;0.000
KAL000075;0.000
KAL000076;2.000
KAL000077;0.000
KAL000078;0.000
KAL000079;8.000
KAL000080;7.000
KAL000081;4.000
KAL000082;8.000
KAL000083;3.000
KAL000084;8.000
KAL000085;5.000
KAL000086;0.000
KAL000087;0.000
KAL000088;0.000
KAL000089;1.000
KAL000090;0.000
KAL000091;0.000
KAL000092;16.000
KAL000093;13.000
KAL000094;11.000
KAL000095;18.000
KAL000096;12.000
KAL000097;14.000
KAL000098;20.000
KAL000099;21.000
KAL000100;0.000
KAL000101;18.000
KAL000102;0.000
KAL000103;0.000
KAL000104;0.000
KAL000105;0.000
KAL000106;0.000
KAL000107;0.000
KAL000108;3.000
KAL000109;3.000
KAL000110;2.000
KAL000111;0.000
KAL000112;2.000
KAL000113;5.000
KAL000114;1.000
KAL000115;4.000
KAL000116;0.000
KAL000117;2.000
KAL000118;1.000
KAL000119;0.000
KAL000120;2.000
KAL000121;0.000
KAL000122;0.000
KAL000123;1.000
KAL000124;0.000
KAL000125;2.000
KAL000126;2.000
KAL000127;0.000
KAL000128;0.000
KAL000129;1.000
KAL000130;1.000
KAL000131;0.000
KAL000132;2.000
KAL000133;3.000
KAL000134;0.000
KAL000135;0.000
KAL000136;2.000
KAL000137;1.000
KAL000138;9.000
KAL000139;4.000
KAL000141;5.000
KAL000142;3.000
KAL000143;4.000
KAL000144;4.000
KAL000145;2.000
KAL000146;0.000
KAL000147;2.000
KAL000148;0.000
KAL000149;0.000
KAL000150;0.000
KAL000151;2.000
KAL000152;0.000
KAL000153;0.000
KAL000154;0.000
KAL000155;0.000
KAL000156;3.000
KAL000157;0.000
KAL000158;2.000
KAL000159;1.000
KAL000160;2.000
KAL000161;0.000
KAL000162;0.000
KAL000163;1.000
KAL000164;3.000
KAL000165;0.000
KAL000166;1.000
KAL000167;2.000
KAL000168;2.000
KAL000169;3.000
KAL000170;2.000
KAL000171;1.000
KAL000172;2.000
KAL000173;110.000
KAL000174;0.000
KAL000175;0.000
KAL000176;3.000
KAL000177;0.000
KAL000178;0.000
KAL000179;0.000
KAL000180;0.000
KAL000181;0.000
KAL000182;3.000
KAL000183;3.000
KAL000184;4.000
KAL000185;0.000
KAL000186;0.000
KAL000187;0.000
KAL000188;0.000
KAL000189;1.000
KAL000190;0.000
KAL000191;5.000
KAL000192;0.000
KAL000193;1.000
KAL000194;4.000
KAL000195;0.000
KAL000196;5.000
KAL000197;0.000
KAL000198;0.000
KAL000199;0.000
KAL000200;0.000
KAL000201;0.000
KAL000202;4.000
KAL000203;0.000
KAL000204;0.000
KAL000205;0.000
KAL000206;0.000
KAL000207;0.000
KAL000208;0.000
KAL000209;0.000
KAL000210;0.000
KAL000211;0.000
KAL000212;0.000
KAL000213;0.000
KAL000214;3.000
KAL000215;11.000
KAL000216;1.000
KAL000217;0.000
KAL000218;1.000
KAL000219;1.000
KAL000220;1.000
KAL000221;0.000
KAL000222;0.000
KAL000223;0.000
KAL000224;84.000
KAL000225;0.000
KAL000226;0.000
KAL000227;2.000
KAL000228;1.000
KAL000229;0.000
KAL000230;0.000
KAL000231;1.000
KAL000232;2.000
KAL000233;0.000
KAL000234;3.000
KAL000235;0.000
KAL000237;0.000
KAL000238;4.000
KAL000239;0.000
KAL000240;8.000
KAL000241;0.000
KAL000242;10.000
KAL000243;0.000
KAL000244;0.000
KAL000245;0.000
KAL000246;0.000
KAL000247;1.000
KAL000248;0.000
KAL000249;0.000
KAL000250;0.000
KAL000251;0.000
KAL000252;0.000
KAL000253;0.000
KAL000254;0.000
KAL000255;4.000
KAL000256;3.000
KAL000257;1.000
KAL000258;0.000
KAL000259;0.000
KAL000260;0.000
KAL000261;4.000
KAL000262;0.000
KAL000263;0.000
KAL000264;0.000
KAL000265;1.000
KAL000266;5.000
KAL000267;0.000
KAL000268;2.000
KAL000269;2.000
KAL000270;4.000
KAL000271;0.000
KAL000272;12.000
KAL000273;8.000
KAL000274;12.000
KAL000275;16.000
KAL000276;10.000
KAL000277;8.000
KAL000278;0.000
KAL000279;4.000
KAL000280;4.000
KAL000281;3.000
KAL000282;7.000
KAL000283;5.000
KAL000284;8.000
KAL000285;6.000
KAL000286;6.000
KAL000287;4.000
KAL000288;5.000
KAL000289;2.000
KAL000290;1.000
KAL000291;1.000
KAL000292;3.000
KAL000293;2.000
KAL000294;2.000
KAL000295;4.000
KAL000296;1.000
KAL000297;1.000
KAL000298;8.000
KAL000299;1.000
KAL000300;1.000
KAL000301;0.000
KAL000302;2.000
KAL000303;0.000
KAL000304;2.000
KAL000305;1.000
KAL000306;9.000
KAL000307;5.000
KAL000308;4.000
KAL000309;6.000
KAL000310;4.000
KAL000311;3.000
KAL000312;2.000
KAL000313;0.000
KAL000314;0.000
KAL000315;0.000
KAL000316;0.000
KAL000317;1.000
KAL000318;0.000
KAR000001;0.000
KAR000002;0.000
KAR000003;63.000
KAR000004;0.000
KAR000005;0.000
KAR000006;0.000
KAR000007;0.000
KAR000008;0.000
KAR000009;0.000
KAR000010;0.000
KAR000011;1.000
KAR000012;0.000
KAR000013;0.000
KAR000014;0.000
KAR000015;0.000
KAR000016;0.000
KAR000017;0.000
KAR000018;0.000
KAR000019;0.000
KAR000020;1.000
KAR000021;0.000
KAR000022;0.000
KAR000023;0.000
KAR000024;0.000
KAT00004;0.000
KAT00008;0.000
KAT00010;0.000
KAT00018;0.000
KAT00020;0.000
KAT00028;0.000
KAT00035;0.000
KAT00036;4.000
KAT00038;1.000
KAT00039;0.000
KAT00040;6.000
KAT00043;0.000
KAT00044;0.000
KAT00047;4.000
KAT00049;0.000
KAT00051;0.000
KAT00054;0.000
KAT00056;1.000
KAT00057;1.000
KAT00058;0.000
KAT00059;0.000
KAT00060;21.000
KAT00062;0.000
KAT00063;0.000
KAT00064;0.000
KAT00065;3.000
KAT00066;3.000
KAT00067;0.000
KAT00071;3.000
KAT00075;0.000
KAT00076;0.000
KAT00078;0.000
KAT00079;0.000
KAT00080;0.000
KAT00094;0.000
KAT00095;0.000
KAT00098;3.000
KAT00121;0.000
KAT00122;3.000
KAT00123;0.000
KAT00124;0.000
KAT00125;0.000
KAT00126;0.000
KAT00127;0.000
KAT00130;12.000
KAT00133;626.000
KAT00136;0.000
KAT00138;2.000
KAT00140;0.000
KAT00141;2.000
KAT00144;0.000
KAT00145;0.000
KAT00146;0.000
KAT00148;6.000
KAT00149;3.000
KAT00151;0.000
KAT00152;0.000
KAT00155;0.000
KAT00156;0.000
KAT00157;0.000
KAT00158;0.000
KAT00159;0.000
KAT00160;0.000
KAT00161;0.000
KAT00162;0.000
KAT00163;0.000
KAT00164;0.000
KAT00165;0.000
KAT00166;0.000
KAT00167;0.000
KAT00168;0.000
KAT00169;0.000
KAT00170;0.000
KAT00171;0.000
KAT00172;0.000
KAT00173;1.000
KAT00174;0.000
KAT00175;0.000
KAT00176;0.000
KAT00177;0.000
KAT00178;0.000
KAT00179;0.000
KAT00180;0.000
KAT00181;0.000
KAT00182;1.000
KAT00184;0.000
KAT00187;0.000
KAT00188;0.000
KAT00189;0.000
KAT00190;0.000
KAT00191;2.000
KAT00192;0.000
KAT00193;6.000
KAT00194;0.000
KAT00195;0.000
KAT00196;3.000
KAT00197;4.000
KAT00198;0.000
KAT00199;2.000
KAT00200;0.000
KAT00201;0.000
KAT00202;0.000
KAT00203;9.000
KAT00204;0.000
KAT00205;0.000
KAT00206;5.000
KAT00207;0.000
KAT00208;0.000
KAT00209;0.000
KAT00210;0.000
KAT00211;2.000
KAT00212;1.000
KAT00213;0.000
KAT00214;3.000
KAT00215;4.000
KEN000001;0.000
KEN000002;0.000
KEN000003;0.000
KEN000004;0.000
KEN000005;0.000
KEN000006;0.000
KEN000007;0.000
KEN000008;0.000
KEN000009;0.000
KEN000010;0.000
KEN000011;0.000
KEN000012;0.000
KEN000013;0.000
KEN000014;9.000
KEN000015;6.000
KEN000016;0.000
KEN000017;0.000
KEN000018;0.000
KEN000019;0.000
KEN000020;0.000
KEN000021;3.000
KEN000022;0.000
KEN000024;0.000
KEN000025;0.000
KEN000026;0.000
KEN000027;0.000
KEN000028;0.000
KEN000029;0.000
KEN000030;0.000
KEN000031;0.000
KEN000032;0.000
KEN000033;0.000
KEN000034;10.000
KEN000036;22.000
KEN000037;4.000
KEN000041;39.000
KEN000042;8.000
KEN000043;0.000
KEN000045;25.000
KEN000046;4.000
KEN000047;0.000
KEN000048;6.000
KEN000049;0.000
KEN000050;16.000
KEN000051;6.000
KEN000052;0.000
KEN000053;0.000
KEN000054;2.000
KEN000055;0.000
KEN000057;0.000
KEN000058;0.000
KEN000059;0.000
KEN000060;9.000
KEN000061;0.000
KEN000063;24.000
KEN000064;6.000
KEN000065;7.000
KEN000066;3.000
KEN000067;0.000
KEN000070;4.000
KEN000072;0.000
KEN000073;0.000
KEN000074;0.000
KEN000075;0.000
KEN000076;0.000
KEN000077;0.000
KEN000078;0.000
KEN000079;0.000
KEN000080;0.000
KEN000081;0.000
KEN000082;0.000
KEN000086;0.000
KEN000093;29.000
KEN000109;0.000
KOT000021;0.000
KOT000027;6.000
KOT000028;2.000
KOT000029;0.000
KOT000030;4.000
KOT000031;16.000
KOT000032;0.000
KOT000033;0.000
KOT000034;0.000
KOT000035;0.000
KOT000037;0.000
KOT000038;0.000
KOT000039;19.000
KOT000040;1.000
KOT000041;0.000
KOT000042;9.000
KOT000043;0.000
KOT000044;0.000
KOT000045;0.000
KOT000046;0.000
KOT000047;14.000
KOT000048;0.000
KOT000049;4.000
KOT000050;0.000
KOT000051;3.000
KOT000052;0.000
KOT000053;10.000
KOT000054;1.000
KOT000055;0.000
KOT000056;3.000
KOT000057;1.000
KOT000058;10.000
KOT000059;14.000
KOT000060;10.000
KOT000061;11.000
KOT000062;2.000
KOT000063;8.000
KOT000064;3.000
KOT000065;8.000
KOT000066;0.000
KOT000067;0.000
KOT000068;0.000
KOT000069;1.000
KOT000070;5.000
KOT000071;0.000
KOT000072;1.000
KOT000073;5.000
KOT000074;1.000
KOT000075;1.000
KOT000076;8.000
KRA000001;2.000
KRA000002;1.000
KRA000003;1.000
KRA000004;1.000
KRA000005;0.000
KRA000006;0.000
KRA000007;3.000
KRA000008;0.000
KRA000009;1.000
KRA000010;2.000
KRA000011;0.000
KRA000012;0.000
KRA000013;0.000
KRA000014;0.000
KRA000015;0.000
KRA000016;0.000
KRA000017;1.000
KRA000018;0.000
KRA000019;0.000
KRA000020;0.000
KRA000021;0.000
KRA000022;0.000
KRA000023;0.000
KRA000024;1.000
KRA000025;2.000
KRA000026;0.000
KRA000027;0.000
KRA000028;1.000
KRA000029;8.000
KRA000030;8.000
KRA000031;0.000
KRA000032;0.000
KRA000033;0.000
KRA000034;0.000
KRA000035;0.000
KRA000036;0.000
KRA000037;2.000
KRA000038;1.000
KRA000039;2.000
KRA000040;0.000
KRA000041;0.000
KRA000042;1.000
KRA000043;0.000
KRA000044;0.000
KRA000045;0.000
KRA000046;0.000
KRA000047;0.000
KRA000048;0.000
KRA000049;0.000
KRA000050;0.000
KRA000051;0.000
KRA000052;1.000
KRA000053;2.000
KRA000054;6.000
KRA000055;0.000
KRA000056;3.000
KRA000057;9.000
KRA000058;15.000
KRA000059;12.000
KRA000060;2.000
KRA000061;0.000
KRA000062;0.000
KRA000063;0.000
KRA000064;0.000
KRA000065;0.000
KRA000066;1.000
KRA000067;2.000
KWAZ0001;1.000
KWAZ0002;6.000
KWAZ0003;2.000
KWAZ0004;3.000
KWAZ0005;20.000
KWAZ0006;17.000
KWAZ0007;4.000
KWAZ0008;8.000
KWAZ0009;0.000
KWAZ0010;12.000
KWAZ0011;3.000
KWAZ0012;3.000
KWAZ0014;6.000
KWAZ0016;18.000
KWAZ0017;14.000
KWAZ0018;33.000
KWAZ0019;7.000
KWAZ0022;15.000
KWAZ0023;9.000
KWAZ0024;8.000
KWAZ0025;2.000
KWAZ0026;4.000
KWAZ0027;4.000
KWAZ0028;9.000
KWAZ0031;7.000
KWAZ0032;11.000
KWAZ0033;4.000
KWAZ0034;6.000
KWAZ0035;2.000
KWAZ0036;6.000
KWAZ0037;29.000
KWAZ0038;10.000
KWAZ0039;15.000
KWAZ0043;39.000
KWAZ0044;2.000
KWAZ0045;0.000
KWAZ0047;1.000
KWAZ0053;18.000
KWAZ0054;3.000
KWAZ0056;3.000
KWAZ0057;1.000
KWAZ0058;1.000
KWAZ0059;0.000
KWAZ0060;0.000
KWAZ0062;13.000
KWAZ0063;0.000
KWAZ0064;4.000
KWAZ0065;16.000
KWAZ0066;0.000
KWAZ0068;6.000
KWAZ0069;5.000
KWAZ0070;1.000
KWAZ0071;7.000
KWAZ0072;15.000
KWAZ0073;0.000
KWAZ0074;1.000
KWAZ0075;4.000
KWAZ0076;34.000
KWAZ0077;9.000
KWAZ0078;7.000
KWAZ0079;0.000
KWAZ0080;5.000
KWAZ0081;0.000
KWAZ0082;6.000
KWAZ0083;11.000
KWAZ0084;12.000
KWAZ0085;2.000
KWAZ0086;0.000
KWAZ0087;8.000
KWAZ0088;0.000
KWAZ0089;0.000
KWAZ0090;4.000
KWAZ0091;2.000
KWAZ0092;15.000
KWAZ0093;2.000
KWAZ0094;6.000
KWAZ0095;51.000
KWAZ0096;0.000
KWAZ0097;13.000
KWAZ0098;0.000
KWAZ0099;0.000
KWAZ0100;0.000
KWAZ0101;0.000
KWAZ0102;0.000
KWAZ0103;3.000
KWAZ0104;0.000
KWAZ0105;5.000
KWAZ0106;3.000
KWAZ0107;2.000
KWAZ0108;2.000
KWAZ0109;0.000
KWAZ0110;31.000
KWAZ0111;53.000
KWAZ0112;28.000
KWAZ0113;62.000
KWAZ0114;61.000
KWAZ0115;2.000
KWAZ0116;1.000
KWAZ0117;7.000
KWAZ0118;0.000
KWAZ0119;0.000
KWAZ0120;0.000
KWAZ0121;0.000
KWAZ0122;0.000
KWAZ0123;0.000
KWAZ0124;0.000
KWAZ0125;0.000
KWAZ0126;0.000
KWAZ0127;0.000
KWAZ0128;1.000
KWAZ0129;3.000
KWAZ0130;0.000
KWAZ0131;11.000
KWAZ0132;2.000
KWAZ0133;2.000
KWAZ0134;2.000
KWAZ0135;1.000
KWAZ0136;13.000
KWAZ0137;2.000
KWAZ0138;2.000
KWAZ0139;15.000
KWAZ0140;17.000
KWAZ0141;4.000
KWAZ0142;5.000
KWAZ0143;1.000
KWAZ0144;13.000
KWAZ0145;1.000
KWAZ0146;0.000
KWAZ0147;2.000
KWAZ0148;1.000
KWAZ0149;12.000
KWAZ0150;2.000
KWAZ0151;1.000
KWAZ0152;1.000
KWAZ0153;3.000
KWAZ0154;3.000
KWAZ0155;12.000
KWAZ0156;2.000
KWAZ0157;20.000
KWAZ0158;6.000
KWAZ0159;6.000
KWAZ0160;0.000
LAN000001;2.000
LAN000002;1.000
LAN000003;0.000
LAN000004;0.000
LAN000005;15.000
LAN000006;0.000
LAN000007;0.000
LAN000008;0.000
LAN000009;0.000
LAN000010;3.000
LAN000011;15.000
LAN000012;2.000
LAN000013;4.000
LAN000014;0.000
LAN000015;4.000
LAN000016;10.000
LAN000017;18.000
LAN000018;7.000
LAN000019;0.000
LAN000020;5.000
LAN000021;5.000
LAN000022;9.000
LAN000023;15.000
LAN000024;3.000
LAN000025;4.000
LAN000026;3.000
LAN000027;3.000
LAN000028;6.000
LAN000029;5.000
LAN000030;0.000
LAN000031;0.000
LAN000032;0.000
LAN000033;10.000
LAN000035;3.000
LAN000036;0.000
LAN000037;0.000
LAN000038;1.000
LAN000039;16.000
LAN000040;18.000
LAN000041;14.000
LAN000042;14.000
LAN000043;0.000
LAN000044;4.000
LAN000045;7.000
LAN000046;0.000
LAN000047;0.000
LAN000048;0.000
LAN000049;0.000
LAN000050;1.000
LAN000051;0.000
LAN000052;6.000
LAN000053;0.000
LAN000054;0.000
LAN000055;0.000
LAN000056;0.000
LAN000057;2.000
LAN000058;8.000
LAN000059;0.000
LAN000060;0.000
LAN000061;5.000
LAN000062;13.000
LAN000063;7.000
LAN000064;9.000
LAN000065;6.000
LAN000066;8.000
LAN000067;2.000
LAN000068;3.000
LAN000069;0.000
LAN000070;0.000
LAN000071;4.000
LAN000072;11.000
LAN000073;12.000
LAN000074;1.000
LAN000075;6.000
LAN000076;5.000
LAN000077;6.000
LAN000078;2.000
LAN000079;5.000
LAN000080;5.000
LAN000081;6.000
LAN000082;5.000
LAN000083;4.000
LAN000084;5.000
LAN000085;0.000
LAN000086;0.000
LAN000087;0.000
LAN000088;0.000
LAV000001;0.000
LAV000002;0.000
LAV000004;11.000
LAV000005;0.000
LAV000007;0.000
LAV000008;0.000
LIN000001;2.000
LIN000003;2.000
LIN000004;0.000
LIN000006;0.000
LIN000007;6.000
LIN000009;0.000
LIN000018;0.000
LIN000019;0.000
LIN000020;0.000
LIN000021;0.000
LIN000022;3.000
LIN000023;1.000
LIN000024;0.000
LIN000025;0.000
LIN000026;0.000
LIN000027;0.000
LIN000028;0.000
LIN000029;0.000
LIN000030;0.000
LIN000031;5.000
LIN000032;0.000
LIN000033;0.000
LIN000034;0.000
LIN000035;0.000
LIN000036;0.000
LIN000037;0.000
LIN000038;0.000
LIN000039;0.000
LIN000040;0.000
LIN000041;0.000
LIN000042;0.000
LIN000043;0.000
LIN000044;0.000
LIN000045;0.000
LIN000046;1.000
LIN000047;0.000
LIN000048;0.000
LIN000049;0.000
LIN000050;18.000
LIN000051;0.000
LIN000052;0.000
LIN000053;5.000
LIN000054;36.000
LIN000055;9.000
LIN000056;3.000
LIN000057;0.000
LIN000058;4.000
LIN000059;0.000
LIN000060;0.000
LIN000061;20.000
LIN000062;14.000
LIN000063;13.000
LIN000064;14.000
LIN000065;12.000
LIN000066;4.000
LIN000067;0.000
LIN000068;0.000
LIN000069;0.000
LIN000070;28.000
LIN000071;0.000
LIN000072;0.000
LIN000073;0.000
LIN000074;0.000
LIN000075;2.000
LIN000076;0.000
LIN000077;0.000
LIN000078;0.000
LIN000079;1.000
LIN000080;0.000
LIN000081;0.000
LIN000082;0.000
LIN000083;7.000
LIN000084;0.000
LIN000085;0.000
LIN000086;1.000
LIN000087;5.000
LIN000088;0.000
LIN000089;2.000
LIN000090;1.000
LIN000091;0.000
LIN000092;16.000
LIN000093;0.000
LIN000094;2.000
LIN000095;0.000
LIN000096;2.000
LIN000097;0.000
LIN000098;2.000
LIN000099;2.000
LIN000100;0.000
LIN000101;0.000
LIN000102;12.000
LIN000103;4.000
LIN000104;0.000
LIN000105;9.000
LIN000106;2.000
LIN000108;1.000
LIN000109;3.000
LIN000110;2.000
LIN000111;2.000
LIN000112;4.000
LIN000113;2.000
LIN000114;2.000
LIN000115;0.000
LIN000116;0.000
LIN000117;0.000
LIN000118;0.000
LIN000119;2.000
LIN000120;2.000
LIN000121;0.000
LIN000122;1.000
LIN000123;0.000
LIN000124;0.000
LIN000125;0.000
LIN000126;1.000
LIN000127;0.000
LIN000128;1.000
LIN000129;2.000
LIN000130;0.000
LIN000131;6.000
LIN000133;0.000
LIN000134;11.000
LIN000135;3.000
LIN000136;1.000
LIN000137;1.000
LIN000138;2.000
LIN000140;1.000
LIN000141;1.000
LIN000142;0.000
LIN000143;1.000
LIN000144;3.000
LIN000145;0.000
LIN000146;0.000
LIN000147;0.000
LIN000148;0.000
LIN000149;0.000
LIN000150;0.000
LIN000151;0.000
LIN000152;0.000
LIN000153;0.000
LIN000154;2.000
LIN000155;2.000
LIN000156;5.000
LIN000157;1.000
LIN000158;16.000
LIN000159;1.000
LIN000160;1.000
Mar000001;0.000
Mar000002;0.000
Mar000003;0.000
Mar000004;9.000
Mar000005;0.000
Mar000006;0.000
Mar000007;0.000
Mar000008;0.000
Mar000009;0.000
Mar000010;0.000
Mar000011;1.000
Mar000012;0.000
MER000001;10.000
MER000002;0.000
MER000003;0.000
MER000004;0.000
MER000005;36.000
MER000006;0.000
MER000007;36.000
MER000008;0.000
MER000009;12.000
MER000010;10.000
MER000011;37.000
MER000012;0.000
MER000013;0.000
MER000014;61.000
MER000015;69.000
MER000016;133.000
MER000017;16.000
MER000018;0.000
MER000019;49.000
MER000020;0.000
MER000021;7.000
MER000022;7.000
MER000023;0.000
MER000024;9.000
MER000025;8.000
MER000026;8.000
MER000027;40.000
MER000028;0.000
MER000029;2.000
MER000030;19.000
MER000031;0.000
MER000032;36.000
MER000033;4.000
MER000034;0.000
MER000035;0.000
MER000036;12.000
MER000037;16.000
MER000038;0.000
MER000039;0.000
MER000040;3.000
MER000041;5.000
MER000042;0.000
MER000043;0.000
MER000044;20.000
MER000045;0.000
MER000046;10.000
MER000047;7.000
MER000049;5.000
MER000050;44.000
MER000051;9.000
MER000052;0.000
MER000053;0.000
MER000054;0.000
MER000055;0.000
MER000056;20.000
MER000057;7.000
MER000058;6.000
MER000059;0.000
MER000060;3.000
MER000061;2.000
MER000062;4.000
MER000063;6.000
MER000064;11.000
MER000065;12.000
MER000066;17.000
MER000067;10.000
MER000068;0.000
MER000069;0.000
MER000070;0.000
MER000071;0.000
MER000072;0.000
MER000073;100.000
MER000074;2.000
MER000075;2.000
MER000076;0.000
MER000077;10.000
MER000078;3.000
MER000080;0.000
MER000081;1.000
MER000082;4.000
MER000083;0.000
MER000084;0.000
MER000085;0.000
MER000086;7.000
MER000087;2.000
MER000088;0.000
MER000089;3.000
MER000090;0.000
MER000091;0.000
MER000092;9.000
MER000093;0.000
MER000094;13.000
MER000095;9.000
MER000096;0.000
MER000097;0.000
MER000098;4.000
MER000099;0.000
MER000100;11.000
MER000101;8.000
MER000102;3.000
MER000103;335.000
MER000104;0.000
MER000105;18.000
MER000106;0.000
MER000107;3.000
MER000108;1.000
MER000109;12.000
MER000110;0.000
MER000111;0.000
MER000112;0.000
MER000113;0.000
MER000114;9.000
MER000115;1.000
MER000116;2.000
MER000117;5.000
MER000118;8.000
MER000119;6.000
MER000120;0.000
MER000121;0.000
MER000122;5.000
MER000123;0.000
MER000124;0.000
MER000127;0.000
MER000128;0.000
MER000129;6.000
MER000130;0.000
MER000131;1.000
MER000132;0.000
MER000133;0.000
MER000134;0.000
MER000135;23.000
MER000136;38.000
MER000137;17.000
MER000138;49.000
MER000139;0.000
MER000140;0.000
MER000141;119.000
MER000142;7.000
MER000143;1.000
MER000144;0.000
MER000145;5.000
MER000146;10.000
MER000147;1.000
MER000148;0.000
MER000149;8.000
MER000150;40.000
MER000151;35.000
MER000152;17.000
MER000153;0.000
MER000154;0.000
MER000155;8.000
MER000156;0.000
MER000157;2.000
MER000158;2.000
MER000159;2.000
MER000160;8.000
MER000161;0.000
MER000162;26.000
MER000163;5.000
MER000164;2.000
MER000165;15.000
MER000166;0.000
MER000167;0.000
MER000168;4.000
MER000169;6.000
MER000170;9.000
MER000171;6.000
MER000172;1.000
MER000173;1.000
MER000174;0.000
MER000175;14.000
MER000176;9.000
MER000177;17.000
MER000178;26.000
MER000179;21.000
MER000180;4.000
MER000181;4.000
MER000182;1.000
MER000183;3.000
MER000184;2.000
MER000185;4.000
MER000186;0.000
MER000187;11.000
MER000188;3.000
MER000189;6.000
MER000190;29.000
MER000191;0.000
MER000192;9.000
MER000193;16.000
MER000194;6.000
MER000195;24.000
MER000196;2.000
MER000197;2.000
MER000198;0.000
MER000199;11.000
MER000200;1.000
MER000201;0.000
MER000202;1.000
MER000203;1.000
MER000204;15.000
MPS000003;0.000
MPS000006;31.000
MPS000009;0.000
MPS000011;34.000
MPS000012;0.000
MPS000013;0.000
MPS000018;18.000
MPS000021;21.000
MPS000022;59.000
MPS000025;22.000
MPS000026;63.000
MPS000035;0.000
MPS000036;18.000
MPS000038;0.000
MPS000039;0.000
MPS000040;0.000
MPS000041;4.000
MPS000042;0.000
MPS000043;8.000
MPS000044;5.000
MPS000046;46.000
MPS000047;97.000
MPS000048;23.000
MPS000049;6.000
MPS000050;0.000
MPS000051;0.000
MPS000052;0.000
MPS000053;0.000
MPS000054;0.000
MPS000055;30.000
MPS000056;2.000
MPS000057;0.000
MPS000058;0.000
MPS000059;0.000
MPS000060;0.000
MPS000061;0.000
MPS000062;0.000
MPS000063;9.000
MPS000064;0.000
MPS000065;0.000
MPS000066;0.000
MPS000067;0.000
Ner000001;16.000
Ner000002;3.000
Ner000003;0.000
Ner000004;0.000
Ner000005;2.000
Ner000006;0.000
Ner000007;1.000
Ner000008;8.000
Ner000009;3.000
Ner000010;4.000
Ner000011;0.000
Ner000012;1.000
Ner000013;0.000
Ner000014;4.000
Ner000015;0.000
Ner000016;0.000
Ner000017;0.000
NOR000001;17.000
NOR000002;0.000
NOR000003;0.000
NOR000004;115.000
NOR000005;0.000
NOR000006;8.000
NOR000007;9.000
NOR000008;14.000
NOR000009;0.000
NOR000010;9.000
NOR000011;0.000
NOR000012;0.000
NOR000013;17.000
NOR000014;8.000
NOR000015;26.000
NOR000016;5.000
NOR000017;10.000
NOR000018;10.000
NOR000019;0.000
NOR000020;0.000
NOR000021;0.000
NOR000022;9.000
NOR000023;5.000
NOR000024;9.000
NOR000025;16.000
NOR000026;7.000
NOR000027;0.000
NOR000028;12.000
NOR000029;0.000
NOR000030;22.000
NOR000031;12.000
NOR000032;14.000
NOR000033;11.000
NOR000034;3.000
NOR000035;0.000
NOR000036;17.000
NOR000037;3.000
NOR000038;9.000
NOR000040;9.000
NOR000041;23.000
NOR000042;8.000
NOR000043;0.000
NOR000044;2.000
NOR000045;0.000
NOR000046;1.000
NOR000047;0.000
NOR000048;0.000
NOR000049;0.000
NOR000050;0.000
NOR000051;2.000
NOR000052;0.000
NOR000053;11.000
NOR000054;9.000
NOR000055;5.000
NOR000056;3.000
NOR000057;0.000
PAP000005;0.000
PAP000006;0.000
PAP000007;0.000
PAP000008;0.000
PAP000009;0.000
PAP000010;0.000
PAP000011;0.000
PAP000012;0.000
PAP000013;0.000
PAP000014;0.000
PAP000015;0.000
PAP000016;0.000
PAP000017;0.000
PAP000018;0.000
PAP000019;0.000
PAP000020;0.000
PAP000021;0.000
PAP000022;0.000
PAP000023;0.000
PAP000024;0.000
PAP000025;0.000
PAP000026;0.000
PAP000027;0.000
PAP000028;0.000
PAP000029;0.000
PAP000030;0.000
PAP000031;0.000
PAP000032;0.000
PAP000033;63.000
PAP000034;0.000
PAP000035;0.000
PAP000036;0.000
PAP000037;0.000
PAP000038;0.000
PAP000039;3.000
PAP000040;0.000
PAP000041;0.000
PAP000042;0.000
PAP000043;0.000
PAP000044;5.000
PAP000045;0.000
PAP000046;0.000
PAP000047;1.000
PAP000048;0.000
PAP000049;0.000
PAP000050;0.000
PAP000051;0.000
PAP000052;0.000
PAP000053;0.000
PAP000054;0.000
PAP000055;0.000
PAP000056;0.000
PAP000057;0.000
PAP000058;3.000
PAP000059;0.000
PAP000060;0.000
PAP000061;1.000
PLA000001;0.000
PLA000002;0.000
PLA000003;0.000
PLA000004;30.000
PLA000005;0.000
PLA000012;0.000
PLA000013;0.000
POL000001;4.000
POL000002;10.000
POL000003;4.000
POL000004;0.000
POL000005;1.000
POL000006;12.000
POL000007;9.000
POL000008;0.000
POL000009;14.000
POL000010;9.000
POL000011;0.000
POL000013;4.000
POL000014;0.000
POL000015;10.000
POL000016;43.000
POL000017;0.000
POL000018;0.000
POL000019;0.000
POL000020;1.000
POL000021;0.000
POL000022;0.000
POL000023;0.000
POL000024;0.000
POL000025;0.000
POL000026;5.000
POL000027;24.000
POL000028;3.000
POL000029;0.000
POL000030;0.000
POL000031;0.000
POL000032;1.000
POL000033;2.000
POL000034;0.000
PRE000001;76.000
ROW00001;0.000
ROW00002;0.000
ROW00003;0.000
ROW00004;0.000
ROW00005;0.000
Roy000001;9.000
Roy000002;6.000
Roy000003;7.000
Roy000004;1.000
Roy000005;0.000
Roy000006;12.000
Roy000007;0.000
Roy000008;28.000
Roy000009;14.000
Roy000010;4.000
Roy000011;16.000
Roy000012;9.000
Roy000013;0.000
Roy000014;0.000
Roy000015;0.000
Roy000016;9.000
Roy000017;7.000
Roy000018;6.000
Roy000019;3.000
Roy000020;12.000
Roy000021;6.000
Roy000022;6.000
Roy000023;5.000
Roy000024;1.000
Roy000025;10.000
Roy000026;10.000
Roy000027;12.000
Roy000028;8.000
Roy000029;0.000
Roy000030;8.000
Roy000031;2.000
Roy000032;2.000
Roy000033;3.000
Roy000034;4.000
Roy000035;12.000
Roy000036;10.000
Roy000037;8.000
Roy000038;12.000
Roy000039;11.000
Roy000040;1.000
Roy000041;12.000
Roy000042;4.000
Roy000043;12.000
Roy000044;6.000
Roy000045;6.000
Roy000046;0.000
Roy000047;0.000
Roy000048;0.000
SJD00001;0.000
SJD00003;0.000
SJD00005;0.000
SJD00006;0.000
SJD0001;0.000
SJD0002;0.000
SJD0003;0.000
SJD0004;0.000
SJD0005;83.000
SJD0006;0.000
SJD0007;0.000
SJD0008;180.000
SJD0009;45.000
SJD0010;24.000
SJD0011;36.000
SJD0012;0.000
SJD0013;22.000
SJD0014;1.000
SJD0015;72.000
SJD0016;9.000
SJD0017;24.000
SJD0018;13.000
SJD0019;20.000
SJD0020;10.000
SJD0021;21.000
SJD0022;22.000
SJD0023;12.000
SJD0024;14.000
SJD0025;12.000
SJD0026;0.000
SJD0027;4.000
SJD0028;0.000
SJD0029;10.000
SJD0030;9.000
SJD0031;0.000
SJD0032;12.000
SJD0034;0.000
SJD0037;0.000
SJD0038;9.000
SJD0039;0.000
SJD0040;0.000
SJD0041;0.000
SOF000001;3.000
SOF000002;0.000
SOF000003;14.000
SOF000004;8.000
SOF0000052;15.000
SOF000006;0.000
SOF000007;10.000
SOF000008;9.000
SOF000009;15.000
SOF000010;4.000
SOF000019;2.000
SOF000024;12.000
SOF000025;9.000
SOF000026;7.000
SOF000027;5.000
SOF000030;0.000
SOF000031;5.000
SOF000032;6.000
SOF000034;0.000
SOF000035;0.000
SOF000036;0.000
SOF000037;0.000
SOF000044;1.000
SOF000055;0.000
SOF000057;0.000
SOF000058;2.000
SOF000059;5.000
SOF000062;2.000
SOF000063;0.000
SOF000064;10.000
Son000001;7.000
Son000002;35.000
Son000003;3.000
Son000004;0.000
Son000005;0.000
Son000006;0.000
Son000007;8.000
Son000008;5.000
Son000009;0.000
Son000010;4.000
Son000011;16.000
Son000012;10.000
Son000013;0.000
Son000014;21.000
Son000015;3.000
Son000016;3.000
Son000017;8.000
Son000018;4.000
Son000019;2.000
Son000020;9.000
Son000021;10.000
Son000022;3.000
Son000023;2.000
Son000024;2.000
Son000025;0.000
Son000026;2.000
Son000027;3.000
Son000028;4.000
Son000029;8.000
Son000030;2.000
Son000031;7.000
Son000032;8.000
Son000033;6.000
Son000034;3.000
Son000035;7.000
Son000036;3.000
Son000037;1.000
Son000038;0.000
Son000039;8.000
Son000040;1.000
Son000041;11.000
Son000042;2.000
Son000043;31.000
Son000044;13.000
Son000045;1.000
Son000046;11.000
Son000047;6.000
Son000048;2.000
Son000049;8.000
Son000050;3.000
Son000051;1.000
Son000052;1.000
Son000053;7.000
Son000054;2.000
Son000055;1.000
Son000056;4.000
Son000057;1.000
Son000058;2.000
Son000059;21.000
Son000060;0.000
Son000061;1.000
Son000062;1.000
Son000063;4.000
Son000064;1.000
Son000065;1.000
Son000066;1.000
Son000067;5.000
Son000068;3.000
Son000069;7.000
Son000070;10.000
Son000071;1.000
Son000072;6.000
Son000073;22.000
Son000074;8.000
Son000075;3.000
Son000076;4.000
Son000077;5.000
Son000078;4.000
Son000079;0.000
Son000080;10.000
Son000081;1.000
Son000082;3.000
Son000083;10.000
Son000084;2.000
Son000085;2.000
Son000086;2.000
Son000087;3.000
Son000088;4.000
Son000089;0.000
Son000090;5.000
Son000091;1.000
Son000092;2.000
Son000093;0.000
Son000094;0.000
Son000096;1.000
Son000097;7.000
Son000098;5.000
Son000099;2.000
Son000100;4.000
Son000101;6.000
Son000102;1.000
Son000103;0.000
Son000104;14.000
Son000105;1.000
Son000106;1.000
Son000107;5.000
Son000108;3.000
Son000109;2.000
Son000110;2.000
Son000111;3.000
Son000112;6.000
Son000113;14.000
Son000114;2.000
Son000115;3.000
Son000116;0.000
Son000117;11.000
Son000118;8.000
Son000119;3.000
Son000120;2.000
Son000121;3.000
Son000122;1.000
Son000123;13.000
Son000125;6.000
Son000126;4.000
Son000127;9.000
Son000128;0.000
Son000129;14.000
Son000130;4.000
Son000131;0.000
Son000132;0.000
Son000133;4.000
Son000134;4.000
Son000135;1.000
Son000136;0.000
Son000137;0.000
Son000138;0.000
Son000139;0.000
Son000140;0.000
Son000141;7.000
Son000142;0.000
Son000143;0.000
Son000144;2.000
STO000001;17.000
TEN000001;3.000
TEN000002;0.000
TEN000003;2.000
TEN000004;12.000
TEN000005;20.000
TEN000006;13.000
TEN000007;18.000
TEN000008;5.000
TEN000009;11.000
TEN000010;4.000
TEN000011;23.000
TEN000012;4.000
TEN000013;7.000
TEN000014;3.000
TEN000015;5.000
TEN000016;3.000
TEN000017;36.000
TEN000018;7.000
TEN000019;13.000
TEN000020;9.000
TEN000021;26.000
TEN000022;3.000
TEN000023;0.000
TEN000024;14.000
TEN000025;1.000
TEN000026;0.000
TEN000027;2.000
TEN000028;1.000
TEN000029;22.000
TEN000030;12.000
TEN000031;0.000
TEN000032;3.000
TEN000033;0.000
TEN000034;2.000
TEN000035;11.000
TEN000036;17.000
TEN000037;11.000
TEN000038;6.000
TEN000039;0.000
TEN000040;1.000
TEN000041;12.000
TEN000042;1.000
TEN000043;0.000
TEN000044;4.000
TEN000045;0.000
TEN000046;0.000
TEN000047;0.000
TEN000048;2.000
TEN000049;0.000
TEN000050;8.000
TEN000051;4.000
TEN000052;4.000
TEN000053;4.000
TEN000054;4.000
TEN000055;36.000
TEN000056;0.000
TEN000057;6.000
TEN000058;3.000
TEN000059;4.000
TEN000060;5.000
TEN000061;8.000
TEN000062;5.000
TEN000063;1.000
TEN000064;13.000
TEN000065;2.000
TEN000066;0.000
TEN000067;8.000
TEN000068;0.000
TEN000069;1.000
TEN000070;0.000
TEN000071;5.000
TEN000072;18.000
TEN000073;21.000
TEN000074;6.000
TEN000075;1.000
TEN000076;12.000
TEN000077;36.000
TEN000078;0.000
TEN000079;3.000
TEN000080;12.000
TEN000081;2.000
TEN000082;2.000
TEN000083;1.000
TEN000084;0.000
TEN000085;2.000
TEN000086;5.000
TEN000087;0.000
TEN000088;0.000
TEN000089;0.000
TEN000090;6.000
TEN000091;15.000
TEN000092;10.000
TEN000093;1.000
TEN000094;0.000
TEN000095;3.000
TEN000096;1.000
TEN000097;3.000
TEN000098;5.000
TEN000099;2.000
TEN000100;0.000
TEN000101;13.000
TEN000102;1.000
TEN000103;18.000
TEN000104;12.000
TEN000105;12.000
TEN000106;9.000
TEN000107;1.000
TEN000108;22.000
TEN000109;2.000
TEN000110;1.000
TEN000111;9.000
TEN000112;5.000
TEN000113;4.000
TEN000114;1.000
TEN000115;12.000
TEN000116;2.000
TEN000117;1.000
TEN000118;11.000
TEN000119;12.000
TEN000120;8.000
TEN000121;12.000
USŁ000001;0.000
USŁ000002;0.000
USŁ000003;0.000
USŁ000004;0.000
USŁ000005;0.000
USŁ000006;0.000
USŁ000007;0.000
USŁ000008;0.000
USŁ000009;0.000
USŁ000010;0.000
USŁ000011;0.000
USŁ000012;0.000
USŁ000013;0.000
USŁ000014;0.000
USŁ000015;0.000
USŁ000016;0.000
USŁ000017;0.000
USŁ000018;0.000
USŁ000019;0.000
USŁ000020;0.000
USŁ000021;0.000
USŁ000022;0.000
USŁ000023;1.000
USŁ000024;0.000
USŁ000025;0.000
USŁ000026;0.000
USŁ000027;0.000
USŁ000028;0.000
USŁ000029;0.000
USŁ000030;0.000
USŁ000031;0.000
VIKA0001;3.000
VIKA0002;11.000
VIKA0003;14.000
VIKA0004;10.000
VIKA0005;2.000
VIKA0006;7.000
VIKA0007;8.000
VIKA0008;8.000
VIKA0009;18.000
VIKA0010;6.000
VIKA0011;5.000
VIKA0012;1.000
VIKA0013;0.000
VIKA0014;9.000
VIKA0016;2.000
VIKA0017;20.000
VIKA0018;7.000
VIKA0019;6.000
VIKA0020;11.000
VIKA0021;1.000
VIKA0022;4.000
VIKA0023;7.000
VIKA0024;4.000
VIKA0025;2.000
VIKA0026;0.000
VIKA0027;0.000
VIKA0028;1.000
VIKA0029;0.000
VIKA0030;3.000
VIKA0031;5.000
VIKA0032;12.000
VIKA0033;6.000
VIKA0034;0.000
VIKA0035;8.000
VIKA0036;4.000
VIKA0037;1.000
VIKA0038;0.000
VIKA0039;5.000
VIKA0040;3.000
VIKA0041;0.000
VIKA0042;15.000
VIKA0043;6.000
VIKA0044;0.000
VIKA0045;0.000
VIKA0046;0.000
VIKA0048;20.000
VIKA0049;0.000
VIKA0050;0.000
VIKA0051;0.000
VIKA0052;0.000
VIKA0053;9.000
VIKA0054;4.000
VIKA0055;12.000
VIKA0056;5.000
VIKA0057;0.000
VIKA0058;1.000
VIKA0059;0.000
VIKA0060;0.000
VIKA0061;0.000
VIKA0062;4.000
VIKA0063;2.000
VIKA0064;33.000
VIKA0065;0.000
VIKA0066;0.000
VIKA0067;4.000
VIKA0068;2.000
VIKA0069;2.000
VIKA0070;0.000
VIKA0071;6.000
VIKA0072;0.000
VIKA0073;4.000
VIKA0074;0.000
VIKA0075;0.000
VIKA0076;8.000
VIKA0077;2.000
VIKA0078;0.000
VIKA0079;3.000
VIKA0080;5.000
VIKA0081;2.000
VIKA0082;3.000
VIKA0083;2.000
VIKA0084;3.000
VIKA0085;53.000
VIKA0086;0.000
VIKA0087;2.000
VIKA0088;0.000
VIKA0089;1.000
VIKA0090;0.000
VIKA0091;0.000
VIKA0092;0.000
VIKA0093;4.000
VIKA0094;2.000
VIKA0095;4.000
VIKA0096;0.000
VIKA0097;4.000
VIKA0098;1.000
VIKA0099;2.000
VIKA0100;6.000
VIKA0101;0.000
VIKA0102;2.000
VIKA0103;1.000
VIKA0104;2.000
VIKA0105;2.000
VIKA0106;0.000
VIKA0107;0.000
VIKA0108;0.000
VIKA0109;0.000
VIKA0110;0.000
VIKA0111;16.000
VIKA0112;0.000
VIKA0113;0.000
VIKA0114;0.000
VIKA0115;0.000
VIKA0116;0.000
VIKA0117;0.000
VIKA0118;0.000
VIKA0119;0.000
VIKA0120;0.000
VIKA0121;0.000
VIKA0122;0.000
VIKA0123;0.000
VIKA0124;0.000
VIKA0125;0.000
VIKA0126;0.000
VIKA0127;2.000
VIKA0128;6.000
VIKA0129;2.000
VIKA0130;2.000
VIKA0131;0.000
VIKA0132;0.000
VIKA0133;0.000
Wip000001;103.000
Wip000002;5.000
Wip000003;15.000
Wip000004;13.000
Wip000005;3.000
Wip000006;0.000
Wip000007;0.000
Wip000008;0.000
Wip000009;0.000
Wip000010;0.000
Wip000011;0.000
Wip000012;0.000
Wip000013;0.000
Wip000014;0.000
Wip000015;50.000
Wip000016;22.000
YOU000032;0.000
YOU000033;0.000
YOU000034;0.000
YOU000035;0.000
YOU000036;0.000
YOU000037;2.000
YOU000038;0.000
YOU000039;0.000
YOU000040;0.000
YOU000041;0.000
YOU000042;0.000
YOU000043;0.000
YOU000044;0.000
YOU000045;0.000
YOU000046;0.000
YOU000047;0.000
YOU000048;0.000
YOU000049;0.000
YOU000050;0.000
YOU000051;0.000
YOU000052;0.000
YOU000053;0.000
YOU000054;0.000
YOU000055;0.000
YOU000056;0.000
YOU000057;0.000
YOU000058;0.000
YOU000059;0.000
YOU000060;0.000
YOU000061;0.000
YOU000062;0.000
YOU000063;0.000
YOU000064;0.000
YOU000065;0.000
YOU000066;0.000
YOU000067;0.000
YOU000068;0.000
YOU000069;0.000
YOU000070;0.000
YOU000071;2.000
YOU000072;0.000
YOU000073;0.000
YOU000074;0.000
YOU000075;0.000
YOU000076;0.000
YOU000077;0.000
YOU000078;0.000
YOU000079;0.000
YOU000080;0.000
YOU000081;0.000
YOU000082;0.000
YOU000083;0.000
YOU000084;0.000
YOU000085;0.000
YOU000086;0.000
YOU000087;0.000
YOU000088;0.000
YOU000089;0.000
YOU000090;0.000
YOU000091;0.000
YOU000092;0.000
YUO000001;0.000
YUO000004;0.000
YUO000005;0.000
YUO000006;0.000
YUO000007;0.000
YUO000008;0.000
YUO000012;0.000
YUO000013;0.000
YUO000014;0.000
YUO000015;0.000
YUO000016;0.000
YUO000017;0.000
YUO000018;0.000
YUO000019;0.000
YUO000020;0.000
YUO000021;0.000
YUO000022;0.000
YUO000023;0.000
YUO000024;0.000
YUO000025;0.000
YUO000026;0.000
YUO000027;0.000
YUO000028;0.000
YUO000029;0.000
YUO000030;0.000
YUO000031;0.000
